fips,name,full_name,state_fips,state_usps,state_name,lon,lat
01001,Autauga,Autauga County,01,AL,Alabama,-86.6373,32.54475
01003,Baldwin,Baldwin County,01,AL,Alabama,-87.70668,30.63261
01005,Barbour,Barbour County,01,AL,Alabama,-85.38035,31.86457
01007,Bibb,Bibb County,01,AL,Alabama,-87.12648,32.99862
01009,Blount,Blount County,01,AL,Alabama,-86.56062,33.97595
01011,Bullock,Bullock County,01,AL,Alabama,-85.71568,32.10053
01013,Butler,Butler County,01,AL,Alabama,-86.68027,31.75243
01015,Calhoun,Calhoun County,01,AL,Alabama,-85.82604,33.77142
01017,Chambers,Chambers County,01,AL,Alabama,-85.39203,32.91435
01019,Cherokee,Cherokee County,01,AL,Alabama,-85.6038,34.1759
01021,Chilton,Chilton County,01,AL,Alabama,-86.71161,32.86979
01023,Choctaw,Choctaw County,01,AL,Alabama,-88.27193,32.02161
01025,Clarke,Clarke County,01,AL,Alabama,-87.81963,31.69466
01027,Clay,Clay County,01,AL,Alabama,-85.83589,33.26013
01029,Cleburne,Cleburne County,01,AL,Alabama,-85.50382,33.67462
01031,Coffee,Coffee County,01,AL,Alabama,-85.98818,31.40266
01033,Colbert,Colbert County,01,AL,Alabama,-87.95401,34.68904
01035,Conecuh,Conecuh County,01,AL,Alabama,-86.99366,31.42924
01037,Coosa,Coosa County,01,AL,Alabama,-86.24766,32.93624
01039,Covington,Covington County,01,AL,Alabama,-86.45215,31.24733
01041,Crenshaw,Crenshaw County,01,AL,Alabama,-86.31355,31.73152
01043,Cullman,Cullman County,01,AL,Alabama,-86.86759,34.13195
01045,Dale,Dale County,01,AL,Alabama,-85.61103,31.43178
01047,Dallas,Dallas County,01,AL,Alabama,-87.10399,32.30441
01049,DeKalb,DeKalb County,01,AL,Alabama,-85.80016,34.45041
01051,Elmore,Elmore County,01,AL,Alabama,-86.13905,32.60575
01053,Escambia,Escambia County,01,AL,Alabama,-87.16158,31.12613
01055,Etowah,Etowah County,01,AL,Alabama,-86.03476,34.04526
01057,Fayette,Fayette County,01,AL,Alabama,-87.74552,33.728
01059,Franklin,Franklin County,01,AL,Alabama,-87.84373,34.44169
01061,Geneva,Geneva County,01,AL,Alabama,-85.83908,31.09505
01063,Greene,Greene County,01,AL,Alabama,-87.96281,32.87515
01065,Hale,Hale County,01,AL,Alabama,-87.63061,32.76487
01067,Henry,Henry County,01,AL,Alabama,-85.24141,31.51471
01069,Houston,Houston County,01,AL,Alabama,-85.30247,31.1532
01071,Jackson,Jackson County,01,AL,Alabama,-85.99934,34.77947
01073,Jefferson,Jefferson County,01,AL,Alabama,-86.8881,33.55832
01075,Lamar,Lamar County,01,AL,Alabama,-88.09695,33.77913
01077,Lauderdale,Lauderdale County,01,AL,Alabama,-87.73544,34.88694
01079,Lawrence,Lawrence County,01,AL,Alabama,-87.31099,34.52168
01081,Lee,Lee County,01,AL,Alabama,-85.35548,32.60114
01083,Limestone,Limestone County,01,AL,Alabama,-86.9814,34.8101
01085,Lowndes,Lowndes County,01,AL,Alabama,-86.65008,32.15475
01087,Macon,Macon County,01,AL,Alabama,-85.69263,32.38593
01089,Madison,Madison County,01,AL,Alabama,-86.55109,34.76412
01091,Marengo,Marengo County,01,AL,Alabama,-87.76183,32.24143
01093,Marion,Marion County,01,AL,Alabama,-87.85981,34.15202
01095,Marshall,Marshall County,01,AL,Alabama,-86.30191,34.35417
01097,Mobile,Mobile County,01,AL,Alabama,-88.21751,30.80741
01099,Monroe,Monroe County,01,AL,Alabama,-87.36544,31.57088
01101,Montgomery,Montgomery County,01,AL,Alabama,-86.20762,32.22027
01103,Morgan,Morgan County,01,AL,Alabama,-86.87538,34.43572
01105,Perry,Perry County,01,AL,Alabama,-87.2944,32.64056
01107,Pickens,Pickens County,01,AL,Alabama,-88.08875,33.28079
01109,Pike,Pike County,01,AL,Alabama,-85.94092,31.80272
01111,Randolph,Randolph County,01,AL,Alabama,-85.4591,33.29379
01113,Russell,Russell County,01,AL,Alabama,-85.1849,32.2884
01115,St. Clair,St. Clair County,01,AL,Alabama,-86.34947,33.69837
01117,Shelby,Shelby County,01,AL,Alabama,-86.66066,33.26427
01119,Sumter,Sumter County,01,AL,Alabama,-88.22593,32.54222
01121,Talladega,Talladega County,01,AL,Alabama,-86.13315,33.41991
01123,Tallapoosa,Tallapoosa County,01,AL,Alabama,-85.77764,32.88955
01125,Tuscaloosa,Tuscaloosa County,01,AL,Alabama,-87.52513,33.28955
01127,Walker,Walker County,01,AL,Alabama,-87.2942,33.80511
01129,Washington,Washington County,01,AL,Alabama,-88.20786,31.40763
01131,Wilcox,Wilcox County,01,AL,Alabama,-87.35338,31.99176
01133,Winston,Winston County,01,AL,Alabama,-87.37368,34.1492
04001,Apache,Apache County,04,AZ,Arizona,-109.47305,35.90328
04003,Cochise,Cochise County,04,AZ,Arizona,-109.75117,31.87957
04005,Coconino,Coconino County,04,AZ,Arizona,-111.77098,35.86936
04007,Gila,Gila County,04,AZ,Arizona,-110.77159,33.66926
04009,Graham,Graham County,04,AZ,Arizona,-109.90822,32.92457
04011,Greenlee,Greenlee County,04,AZ,Arizona,-109.24871,33.21445
04012,La Paz,La Paz County,04,AZ,Arizona,-113.98163,33.82927
04013,Maricopa,Maricopa County,04,AZ,Arizona,-112.70972,33.39093
04015,Mohave,Mohave County,04,AZ,Arizona,-113.90644,35.50979
04017,Navajo,Navajo County,04,AZ,Arizona,-110.32141,35.39964
04019,Pima,Pima County,04,AZ,Arizona,-111.79213,32.06314
04021,Pinal,Pinal County,04,AZ,Arizona,-111.34148,32.90312
04023,Santa Cruz,Santa Cruz County,04,AZ,Arizona,-110.84653,31.52595
04025,Yavapai,Yavapai County,04,AZ,Arizona,-112.60064,34.52935
04027,Yuma,Yuma County,04,AZ,Arizona,-113.89099,32.76465
05001,Arkansas,Arkansas County,05,AR,Arkansas,-91.3658,34.29298
05003,Ashley,Ashley County,05,AR,Arkansas,-91.76846,33.19121
05005,Baxter,Baxter County,05,AR,Arkansas,-92.32455,36.29069
05007,Benton,Benton County,05,AR,Arkansas,-94.26032,36.35596
05009,Boone,Boone County,05,AR,Arkansas,-93.09152,36.30862
05011,Bradley,Bradley County,05,AR,Arkansas,-92.16237,33.46644
05013,Calhoun,Calhoun County,05,AR,Arkansas,-92.50302,33.55806
05015,Carroll,Carroll County,05,AR,Arkansas,-93.49536,36.34711
05017,Chicot,Chicot County,05,AR,Arkansas,-91.29374,33.26697
05019,Clark,Clark County,05,AR,Arkansas,-93.17636,34.05096
05021,Clay,Clay County,05,AR,Arkansas,-90.41715,36.37349
05023,Cleburne,Cleburne County,05,AR,Arkansas,-92.02671,35.53819
05025,Cleveland,Cleveland County,05,AR,Arkansas,-92.18515,33.89838
05027,Columbia,Columbia County,05,AR,Arkansas,-93.2273,33.21431
05029,Conway,Conway County,05,AR,Arkansas,-92.70144,35.26237
05031,Craighead,Craighead County,05,AR,Arkansas,-90.63283,35.8308
05033,Crawford,Crawford County,05,AR,Arkansas,-94.24287,35.58797
05035,Crittenden,Crittenden County,05,AR,Arkansas,-90.30628,35.25132
05037,Cross,Cross County,05,AR,Arkansas,-90.77116,35.29572
05039,Dallas,Dallas County,05,AR,Arkansas,-92.65441,33.96987
05041,Desha,Desha County,05,AR,Arkansas,-91.26901,33.81443
05043,Drew,Drew County,05,AR,Arkansas,-91.71997,33.58944
05045,Faulkner,Faulkner County,05,AR,Arkansas,-92.33203,35.14703
05047,Franklin,Franklin County,05,AR,Arkansas,-93.88511,35.54021
05049,Fulton,Fulton County,05,AR,Arkansas,-91.81816,36.38165
05051,Garland,Garland County,05,AR,Arkansas,-93.15043,34.57675
05053,Grant,Grant County,05,AR,Arkansas,-92.42368,34.29001
05055,Greene,Greene County,05,AR,Arkansas,-90.55891,36.1175
05057,Hempstead,Hempstead County,05,AR,Arkansas,-93.66841,33.73537
05059,Hot Spring,Hot Spring County,05,AR,Arkansas,-92.85462,34.2907
05061,Howard,Howard County,05,AR,Arkansas,-93.96017,34.07812
05063,Independence,Independence County,05,AR,Arkansas,-91.56969,35.74157
05065,Izard,Izard County,05,AR,Arkansas,-91.91247,36.09438
05067,Jackson,Jackson County,05,AR,Arkansas,-91.19587,35.59466
05069,Jefferson,Jefferson County,05,AR,Arkansas,-91.9304,34.27652
05071,Johnson,Johnson County,05,AR,Arkansas,-93.46016,35.57478
05073,Lafayette,Lafayette County,05,AR,Arkansas,-93.59594,33.1884
05075,Lawrence,Lawrence County,05,AR,Arkansas,-91.16742,36.02113
05077,Lee,Lee County,05,AR,Arkansas,-90.78082,34.78049
05079,Lincoln,Lincoln County,05,AR,Arkansas,-91.73603,33.93427
05081,Little River,Little River County,05,AR,Arkansas,-94.28094,33.69717
05083,Logan,Logan County,05,AR,Arkansas,-93.71716,35.24554
05085,Lonoke,Lonoke County,05,AR,Arkansas,-91.88878,34.75425
05087,Madison,Madison County,05,AR,Arkansas,-93.72459,36.01102
05089,Marion,Marion County,05,AR,Arkansas,-92.7155,36.25752
05091,Miller,Miller County,05,AR,Arkansas,-93.89207,33.31238
05093,Mississippi,Mississippi County,05,AR,Arkansas,-90.10744,35.78301
05095,Monroe,Monroe County,05,AR,Arkansas,-91.21106,34.67293
05097,Montgomery,Montgomery County,05,AR,Arkansas,-93.65943,34.53904
05099,Nevada,Nevada County,05,AR,Arkansas,-93.30719,33.664
05101,Newton,Newton County,05,AR,Arkansas,-93.21785,35.91999
05103,Ouachita,Ouachita County,05,AR,Arkansas,-92.91984,33.60915
05105,Perry,Perry County,05,AR,Arkansas,-92.93151,34.95623
05107,Phillips,Phillips County,05,AR,Arkansas,-90.86322,34.45949
05109,Pike,Pike County,05,AR,Arkansas,-93.65654,34.16368
05111,Poinsett,Poinsett County,05,AR,Arkansas,-90.663,35.57401
05113,Polk,Polk County,05,AR,Arkansas,-94.22808,34.51075
05115,Pope,Pope County,05,AR,Arkansas,-93.03447,35.44774
05117,Prairie,Prairie County,05,AR,Arkansas,-91.55107,34.82979
05119,Pulaski,Pulaski County,05,AR,Arkansas,-92.30812,34.76979
05121,Randolph,Randolph County,05,AR,Arkansas,-91.02764,36.34149
05123,St. Francis,St. Francis County,05,AR,Arkansas,-90.7478,35.02201
05125,Saline,Saline County,05,AR,Arkansas,-92.67633,34.64445
05127,Scott,Scott County,05,AR,Arkansas,-94.06324,34.86069
05129,Searcy,Searcy County,05,AR,Arkansas,-92.72891,35.91154
05131,Sebastian,Sebastian County,05,AR,Arkansas,-94.27432,35.19884
05133,Sevier,Sevier County,05,AR,Arkansas,-94.24124,33.99722
05135,Sharp,Sharp County,05,AR,Arkansas,-91.49456,36.12358
05137,Stone,Stone County,05,AR,Arkansas,-92.19778,35.8394
05139,Union,Union County,05,AR,Arkansas,-92.60567,33.1759
05141,Van Buren,Van Buren County,05,AR,Arkansas,-92.51608,35.59273
05143,Washington,Washington County,05,AR,Arkansas,-94.21561,35.97906
05145,White,White County,05,AR,Arkansas,-91.71669,35.2419
05147,Woodruff,Woodruff County,05,AR,Arkansas,-91.22648,35.18068
05149,Yell,Yell County,05,AR,Arkansas,-93.45478,34.97972
06001,Alameda,Alameda County,06,CA,California,-121.8209,37.61649
06003,Alpine,Alpine County,06,CA,California,-119.82067,38.5972
06005,Amador,Amador County,06,CA,California,-120.75202,38.42664
06007,Butte,Butte County,06,CA,California,-121.60068,39.66694
06009,Calaveras,Calaveras County,06,CA,California,-120.56012,38.18515
06011,Colusa,Colusa County,06,CA,California,-122.23696,39.1775
06013,Contra Costa,Contra Costa County,06,CA,California,-121.92749,37.90702
06015,Del Norte,Del Norte County,06,CA,California,-123.89723,41.74313
06017,El Dorado,El Dorado County,06,CA,California,-120.50821,38.72936
06019,Fresno,Fresno County,06,CA,California,-119.07132,37.03736
06021,Glenn,Glenn County,06,CA,California,-122.39193,39.59814
06023,Humboldt,Humboldt County,06,CA,California,-123.90639,40.59769
06025,Imperial,Imperial County,06,CA,California,-115.36534,33.03951
06027,Inyo,Inyo County,06,CA,California,-117.44455,36.47715
06029,Kern,Kern County,06,CA,California,-118.73007,35.34265
06031,Kings,Kings County,06,CA,California,-119.78552,36.05439
06033,Lake,Lake County,06,CA,California,-122.77163,39.06644
06035,Lassen,Lassen County,06,CA,California,-120.58769,40.7129
06037,Los Angeles,Los Angeles County,06,CA,California,-118.2169,34.35912
06039,Madera,Madera County,06,CA,California,-119.75346,37.20432
06041,Marin,Marin County,06,CA,California,-122.71687,38.0711
06043,Mariposa,Mariposa County,06,CA,California,-119.97988,37.5383
06045,Mendocino,Mendocino County,06,CA,California,-123.4041,39.43986
06047,Merced,Merced County,06,CA,California,-120.72387,37.19739
06049,Modoc,Modoc County,06,CA,California,-120.72502,41.58982
06051,Mono,Mono County,06,CA,California,-118.901,37.91833
06053,Monterey,Monterey County,06,CA,California,-121.27613,36.19423
06055,Napa,Napa County,06,CA,California,-122.3255,38.50753
06057,Nevada,Nevada County,06,CA,California,-121.01124,39.25917
06059,Orange,Orange County,06,CA,California,-117.75545,33.70954
06061,Placer,Placer County,06,CA,California,-120.64287,39.14492
06063,Plumas,Plumas County,06,CA,California,-120.72554,39.98866
06065,Riverside,Riverside County,06,CA,California,-115.99408,33.74179
06067,Sacramento,Sacramento County,06,CA,California,-121.29224,38.46308
06069,San Benito,San Benito County,06,CA,California,-121.07497,36.60568
06071,San Bernardino,San Bernardino County,06,CA,California,-116.17843,34.84137
06073,San Diego,San Diego County,06,CA,California,-116.73504,33.03425
06075,San Francisco,San Francisco County,06,CA,California,-122.44272,37.75467
06077,San Joaquin,San Joaquin County,06,CA,California,-121.27271,37.93658
06079,San Luis Obispo,San Luis Obispo County,06,CA,California,-120.40436,35.38711
06081,San Mateo,San Mateo County,06,CA,California,-122.3136,37.43043
06083,Santa Barbara,Santa Barbara County,06,CA,California,-120.02145,34.73315
06085,Santa Clara,Santa Clara County,06,CA,California,-121.69282,37.2403
06087,Santa Cruz,Santa Cruz County,06,CA,California,-122.05695,37.06224
06089,Shasta,Shasta County,06,CA,California,-122.03899,40.77785
06091,Sierra,Sierra County,06,CA,California,-120.4508,39.58161
06093,Siskiyou,Siskiyou County,06,CA,California,-122.2454,41.62518
06095,Solano,Solano County,06,CA,California,-121.90231,38.25758
06097,Sonoma,Sonoma County,06,CA,California,-122.88779,38.54743
06099,Stanislaus,Stanislaus County,06,CA,California,-121.15456,37.48963
06101,Sutter,Sutter County,06,CA,California,-121.72427,39.101
06103,Tehama,Tehama County,06,CA,California,-122.23275,40.12025
06105,Trinity,Trinity County,06,CA,California,-123.13519,40.69697
06107,Tulare,Tulare County,06,CA,California,-118.80046,36.22017
06109,Tuolumne,Tuolumne County,06,CA,California,-119.94394,38.05851
06111,Ventura,Ventura County,06,CA,California,-119.0782,34.47116
06113,Yolo,Yolo County,06,CA,California,-121.90533,38.71526
06115,Yuba,Yuba County,06,CA,California,-121.4208,39.19231
08001,Adams,Adams County,08,CO,Colorado,-104.33786,39.87363
08003,Alamosa,Alamosa County,08,CO,Colorado,-105.78833,37.57293
08005,Arapahoe,Arapahoe County,08,CO,Colorado,-104.33839,39.6497
08007,Archuleta,Archuleta County,08,CO,Colorado,-107.04828,37.19354
08009,Baca,Baca County,08,CO,Colorado,-102.56048,37.31919
08011,Bent,Bent County,08,CO,Colorado,-103.07173,37.95511
08013,Boulder,Boulder County,08,CO,Colorado,-105.35811,40.09266
08014,Broomfield,Broomfield County,08,CO,Colorado,-105.05109,39.93821
08015,Chaffee,Chaffee County,08,CO,Colorado,-106.19157,38.74503
08017,Cheyenne,Cheyenne County,08,CO,Colorado,-102.60356,38.82792
08019,Clear Creek,Clear Creek County,08,CO,Colorado,-105.64441,39.68913
08021,Conejos,Conejos County,08,CO,Colorado,-106.1916,37.20071
08023,Costilla,Costilla County,08,CO,Colorado,-105.42822,37.2781
08025,Crowley,Crowley County,08,CO,Colorado,-103.78447,38.32658
08027,Custer,Custer County,08,CO,Colorado,-105.36776,38.10303
08029,Delta,Delta County,08,CO,Colorado,-107.86289,38.86137
08031,Denver,Denver County,08,CO,Colorado,-104.98371,39.73946
08033,Dolores,Dolores County,08,CO,Colorado,-108.51736,37.75172
08035,Douglas,Douglas County,08,CO,Colorado,-104.92957,39.32971
08037,Eagle,Eagle County,08,CO,Colorado,-106.69537,39.62785
08039,Elbert,Elbert County,08,CO,Colorado,-104.13504,39.33686
08041,El Paso,El Paso County,08,CO,Colorado,-104.52539,38.83211
08043,Fremont,Fremont County,08,CO,Colorado,-105.43952,38.47306
08045,Garfield,Garfield County,08,CO,Colorado,-107.75675,39.58185
08047,Gilpin,Gilpin County,08,CO,Colorado,-105.50794,39.85604
08049,Grand,Grand County,08,CO,Colorado,-106.06426,40.0902
08051,Gunnison,Gunnison County,08,CO,Colorado,-107.06777,38.72667
08053,Hinsdale,Hinsdale County,08,CO,Colorado,-107.31367,37.89182
08055,Huerfano,Huerfano County,08,CO,Colorado,-104.95958,37.66246
08057,Jackson,Jackson County,08,CO,Colorado,-106.34279,40.66645
08059,Jefferson,Jefferson County,08,CO,Colorado,-105.25154,39.58631
08061,Kiowa,Kiowa County,08,CO,Colorado,-102.74023,38.43264
08063,Kit Carson,Kit Carson County,08,CO,Colorado,-102.60296,39.3055
08065,Lake,Lake County,08,CO,Colorado,-106.34478,39.20248
08067,La Plata,La Plata County,08,CO,Colorado,-107.83375,37.27662
08069,Larimer,Larimer County,08,CO,Colorado,-105.46116,40.66638
08071,Las Animas,Las Animas County,08,CO,Colorado,-104.03765,37.31978
08073,Lincoln,Lincoln County,08,CO,Colorado,-103.46753,38.9861
08075,Logan,Logan County,08,CO,Colorado,-103.11013,40.72467
08077,Mesa,Mesa County,08,CO,Colorado,-108.62313,39.04181
08079,Mineral,Mineral County,08,CO,Colorado,-106.92414,37.66895
08081,Moffat,Moffat County,08,CO,Colorado,-108.20743,40.61839
08083,Montezuma,Montezuma County,08,CO,Colorado,-108.59659,37.33857
08085,Montrose,Montrose County,08,CO,Colorado,-108.29147,38.36394
08087,Morgan,Morgan County,08,CO,Colorado,-103.80974,40.26263
08089,Otero,Otero County,08,CO,Colorado,-103.71639,37.90195
08091,Ouray,Ouray County,08,CO,Colorado,-107.75312,38.16033
08093,Park,Park County,08,CO,Colorado,-105.71718,39.11935
08095,Phillips,Phillips County,08,CO,Colorado,-102.3576,40.59397
08097,Pitkin,Pitkin County,08,CO,Colorado,-106.90308,39.20498
08099,Prowers,Prowers County,08,CO,Colorado,-102.39336,37.9552
08101,Pueblo,Pueblo County,08,CO,Colorado,-104.51044,38.17821
08103,Rio Blanco,Rio Blanco County,08,CO,Colorado,-108.21529,39.96368
08105,Rio Grande,Rio Grande County,08,CO,Colorado,-106.38325,37.58253
08107,Routt,Routt County,08,CO,Colorado,-106.9888,40.50025
08109,Saguache,Saguache County,08,CO,Colorado,-106.28151,38.08053
08111,San Juan,San Juan County,08,CO,Colorado,-107.67616,37.76403
08113,San Miguel,San Miguel County,08,CO,Colorado,-108.19729,38.01677
08115,Sedgwick,Sedgwick County,08,CO,Colorado,-102.35182,40.87592
08117,Summit,Summit County,08,CO,Colorado,-106.05803,39.56651
08119,Teller,Teller County,08,CO,Colorado,-105.19355,38.91736
08121,Washington,Washington County,08,CO,Colorado,-103.16746,39.96221
08123,Weld,Weld County,08,CO,Colorado,-104.5048,40.57503
08125,Yuma,Yuma County,08,CO,Colorado,-102.42425,40.00293
09001,Fairfield,Fairfield County,09,CT,Connecticut,-73.35781,41.29267
09003,Hartford,Hartford County,09,CT,Connecticut,-72.73286,41.80641
09005,Litchfield,Litchfield County,09,CT,Connecticut,-73.24534,41.79246
09007,Middlesex,Middlesex County,09,CT,Connecticut,-72.53514,41.46319
09009,New Haven,New Haven County,09,CT,Connecticut,-72.93439,41.42313
09011,New London,New London County,09,CT,Connecticut,-72.10144,41.48667
09013,Tolland,Tolland County,09,CT,Connecticut,-72.34446,41.85582
09015,Windham,Windham County,09,CT,Connecticut,-71.98744,41.83002
10001,Kent,Kent County,10,DE,Delaware,-75.56862,39.08598
10003,New Castle,New Castle County,10,DE,Delaware,-75.69015,39.55239
10005,Sussex,Sussex County,10,DE,Delaware,-75.39005,38.66056
11001,District of Columbia,District of Columbia,11,DC,District of Columbia,-77.01273,38.9092
12001,Alachua,Alachua County,12,FL,Florida,-82.35771,29.67475
12003,Baker,Baker County,12,FL,Florida,-82.31093,30.31882
12005,Bay,Bay County,12,FL,Florida,-85.62026,30.26522
12007,Bradford,Bradford County,12,FL,Florida,-82.16874,29.94997
12009,Brevard,Brevard County,12,FL,Florida,-80.71995,28.4818
12011,Broward,Broward County,12,FL,Florida,-80.48707,26.15232
12013,Calhoun,Calhoun County,12,FL,Florida,-85.19714,30.4061
12015,Charlotte,Charlotte County,12,FL,Florida,-81.91227,26.90549
12017,Citrus,Citrus County,12,FL,Florida,-82.47866,28.84906
12019,Clay,Clay County,12,FL,Florida,-81.86029,29.99084
12021,Collier,Collier County,12,FL,Florida,-81.37913,26.0509
12023,Columbia,Columbia County,12,FL,Florida,-82.61368,30.21244
12027,DeSoto,DeSoto County,12,FL,Florida,-81.80944,27.18634
12029,Dixie,Dixie County,12,FL,Florida,-83.15884,29.60817
12031,Duval,Duval County,12,FL,Florida,-81.66561,30.35349
12033,Escambia,Escambia County,12,FL,Florida,-87.43059,30.82429
12035,Flagler,Flagler County,12,FL,Florida,-81.30372,29.46673
12037,Franklin,Franklin County,12,FL,Florida,-84.80186,29.8897
12039,Gadsden,Gadsden County,12,FL,Florida,-84.61325,30.57569
12041,Gilchrist,Gilchrist County,12,FL,Florida,-82.80038,29.72583
12043,Glades,Glades County,12,FL,Florida,-81.12834,26.93785
12045,Gulf,Gulf County,12,FL,Florida,-85.22683,29.95544
12047,Hamilton,Hamilton County,12,FL,Florida,-82.90807,30.50635
12049,Hardee,Hardee County,12,FL,Florida,-81.80998,27.4927
12051,Hendry,Hendry County,12,FL,Florida,-81.10387,26.5736
12053,Hernando,Hernando County,12,FL,Florida,-82.43914,28.55094
12055,Highlands,Highlands County,12,FL,Florida,-81.34102,27.34333
12057,Hillsborough,Hillsborough County,12,FL,Florida,-82.25113,27.9572
12059,Holmes,Holmes County,12,FL,Florida,-85.88109,30.88317
12061,Indian River,Indian River County,12,FL,Florida,-80.60623,27.69428
12063,Jackson,Jackson County,12,FL,Florida,-85.21548,30.79542
12065,Jefferson,Jefferson County,12,FL,Florida,-83.91228,30.42361
12067,Lafayette,Lafayette County,12,FL,Florida,-83.18017,29.96884
12069,Lake,Lake County,12,FL,Florida,-81.79378,28.76185
12071,Lee,Lee County,12,FL,Florida,-81.81987,26.5792
12073,Leon,Leon County,12,FL,Florida,-84.25355,30.45316
12075,Levy,Levy County,12,FL,Florida,-82.73799,29.33138
12077,Liberty,Liberty County,12,FL,Florida,-84.89379,30.23495
12079,Madison,Madison County,12,FL,Florida,-83.46972,30.45953
12081,Manatee,Manatee County,12,FL,Florida,-82.31497,27.5096
12083,Marion,Marion County,12,FL,Florida,-82.04962,29.19604
12085,Martin,Martin County,12,FL,Florida,-80.43147,27.07752
12086,Miami-Dade,Miami-Dade County,12,FL,Florida,-80.57117,25.6212
12087,Monroe,Monroe County,12,FL,Florida,-81.03279,25.55433
12089,Nassau,Nassau County,12,FL,Florida,-81.84457,30.64225
12091,Okaloosa,Okaloosa County,12,FL,Florida,-86.59171,30.69129
12093,Okeechobee,Okeechobee County,12,FL,Florida,-80.87566,27.40065
12095,Orange,Orange County,12,FL,Florida,-81.37343,28.48341
12097,Osceola,Osceola County,12,FL,Florida,-81.13109,28.0629
12099,Palm Beach,Palm Beach County,12,FL,Florida,-80.4655,26.64757
12101,Pasco,Pasco County,12,FL,Florida,-82.39233,28.30932
12103,Pinellas,Pinellas County,12,FL,Florida,-82.73082,27.84733
12105,Polk,Polk County,12,FL,Florida,-81.711,27.94065
12107,Putnam,Putnam County,12,FL,Florida,-81.73696,29.64614
12109,St. Johns,St. Johns County,12,FL,Florida,-81.44067,29.90164
12111,St. Lucie,St. Lucie County,12,FL,Florida,-80.47203,27.37726
12113,Santa Rosa,Santa Rosa County,12,FL,Florida,-87.01804,30.7047
12115,Sarasota,Sarasota County,12,FL,Florida,-82.37257,27.19957
12117,Seminole,Seminole County,12,FL,Florida,-81.23857,28.71024
12119,Sumter,Sumter County,12,FL,Florida,-82.08097,28.70476
12121,Suwannee,Suwannee County,12,FL,Florida,-82.98456,30.20913
12123,Taylor,Taylor County,12,FL,Florida,-83.58389,30.07374
12125,Union,Union County,12,FL,Florida,-82.37143,30.04386
12127,Volusia,Volusia County,12,FL,Florida,-81.17868,29.06014
12129,Wakulla,Wakulla County,12,FL,Florida,-84.40087,30.16539
12131,Walton,Walton County,12,FL,Florida,-86.20235,30.60985
12133,Washington,Washington County,12,FL,Florida,-85.66583,30.60665
13001,Appling,Appling County,13,GA,Georgia,-82.28889,31.74922
13003,Atkinson,Atkinson County,13,GA,Georgia,-82.88374,31.29221
13005,Bacon,Bacon County,13,GA,Georgia,-82.45271,31.55367
13007,Baker,Baker County,13,GA,Georgia,-84.4447,31.32616
13009,Baldwin,Baldwin County,13,GA,Georgia,-83.24986,33.07066
13011,Banks,Banks County,13,GA,Georgia,-83.49689,34.36304
13013,Barrow,Barrow County,13,GA,Georgia,-83.71297,33.97929
13015,Bartow,Bartow County,13,GA,Georgia,-84.84038,34.23766
13017,Ben Hill,Ben Hill County,13,GA,Georgia,-83.22049,31.75978
13019,Berrien,Berrien County,13,GA,Georgia,-83.22084,31.27842
13021,Bibb,Bibb County,13,GA,Georgia,-83.69939,32.80279
13023,Bleckley,Bleckley County,13,GA,Georgia,-83.32782,32.43445
13025,Brantley,Brantley County,13,GA,Georgia,-81.92876,31.20342
13027,Brooks,Brooks County,13,GA,Georgia,-83.5856,30.84522
13029,Bryan,Bryan County,13,GA,Georgia,-81.50746,32.0751
13031,Bulloch,Bulloch County,13,GA,Georgia,-81.74317,32.3968
13033,Burke,Burke County,13,GA,Georgia,-82.001,33.06632
13035,Butts,Butts County,13,GA,Georgia,-83.95719,33.28788
13037,Calhoun,Calhoun County,13,GA,Georgia,-84.62453,31.52922
13039,Camden,Camden County,13,GA,Georgia,-81.66994,30.93062
13043,Candler,Candler County,13,GA,Georgia,-82.07366,32.40345
13045,Carroll,Carroll County,13,GA,Georgia,-85.07719,33.57498
13047,Catoosa,Catoosa County,13,GA,Georgia,-85.13824,34.90364
13049,Charlton,Charlton County,13,GA,Georgia,-82.09026,30.87529
13051,Chatham,Chatham County,13,GA,Georgia,-81.13292,32.00431
13053,Chattahoochee,Chattahoochee County,13,GA,Georgia,-84.78686,32.32835
13055,Chattooga,Chattooga County,13,GA,Georgia,-85.34618,34.47621
13057,Cherokee,Cherokee County,13,GA,Georgia,-84.47627,34.24396
13059,Clarke,Clarke County,13,GA,Georgia,-83.36074,33.96107
13061,Clay,Clay County,13,GA,Georgia,-85.00776,31.65687
13063,Clayton,Clayton County,13,GA,Georgia,-84.36123,33.54409
13065,Clinch,Clinch County,13,GA,Georgia,-82.74263,30.95883
13067,Cobb,Cobb County,13,GA,Georgia,-84.57668,33.94147
13069,Coffee,Coffee County,13,GA,Georgia,-82.8493,31.54181
13071,Colquitt,Colquitt County,13,GA,Georgia,-83.76906,31.18686
13073,Columbia,Columbia County,13,GA,Georgia,-82.26408,33.54412
13075,Cook,Cook County,13,GA,Georgia,-83.42932,31.15316
13077,Coweta,Coweta County,13,GA,Georgia,-84.76339,33.35336
13079,Crawford,Crawford County,13,GA,Georgia,-83.98174,32.71949
13081,Crisp,Crisp County,13,GA,Georgia,-83.76805,31.92291
13083,Dade,Dade County,13,GA,Georgia,-85.51203,34.87404
13085,Dawson,Dawson County,13,GA,Georgia,-84.17882,34.43147
13087,Decatur,Decatur County,13,GA,Georgia,-84.57905,30.87834
13089,DeKalb,DeKalb County,13,GA,Georgia,-84.22628,33.77016
13091,Dodge,Dodge County,13,GA,Georgia,-83.16007,32.17265
13093,Dooly,Dooly County,13,GA,Georgia,-83.79879,32.1572
13095,Dougherty,Dougherty County,13,GA,Georgia,-84.21637,31.53346
13097,Douglas,Douglas County,13,GA,Georgia,-84.76897,33.70705
13099,Early,Early County,13,GA,Georgia,-84.90391,31.3665
13101,Echols,Echols County,13,GA,Georgia,-82.92579,30.72385
13103,Effingham,Effingham County,13,GA,Georgia,-81.34077,32.36807
13105,Elbert,Elbert County,13,GA,Georgia,-82.8401,34.1168
13107,Emanuel,Emanuel County,13,GA,Georgia,-82.30171,32.58974
13109,Evans,Evans County,13,GA,Georgia,-81.88688,32.15676
13111,Fannin,Fannin County,13,GA,Georgia,-84.29411,34.89854
13113,Fayette,Fayette County,13,GA,Georgia,-84.49542,33.42011
13115,Floyd,Floyd County,13,GA,Georgia,-85.21425,34.26319
13117,Forsyth,Forsyth County,13,GA,Georgia,-84.13691,34.23298
13119,Franklin,Franklin County,13,GA,Georgia,-83.22914,34.37241
13121,Fulton,Fulton County,13,GA,Georgia,-84.43927,33.73887
13123,Gilmer,Gilmer County,13,GA,Georgia,-84.45562,34.69437
13125,Glascock,Glascock County,13,GA,Georgia,-82.6132,33.23228
13127,Glynn,Glynn County,13,GA,Georgia,-81.56968,31.24954
13129,Gordon,Gordon County,13,GA,Georgia,-84.87586,34.50318
13131,Grady,Grady County,13,GA,Georgia,-84.23446,30.87468
13133,Greene,Greene County,13,GA,Georgia,-83.16112,33.58108
13135,Gwinnett,Gwinnett County,13,GA,Georgia,-84.01523,33.95427
13137,Habersham,Habersham County,13,GA,Georgia,-83.53118,34.63082
13139,Hall,Hall County,13,GA,Georgia,-83.80712,34.31898
13141,Hancock,Hancock County,13,GA,Georgia,-83.00068,33.27045
13143,Haralson,Haralson County,13,GA,Georgia,-85.21102,33.79422
13145,Harris,Harris County,13,GA,Georgia,-84.90889,32.73603
13147,Hart,Hart County,13,GA,Georgia,-82.96424,34.35088
13149,Heard,Heard County,13,GA,Georgia,-85.12859,33.30065
13151,Henry,Henry County,13,GA,Georgia,-84.15423,33.45302
13153,Houston,Houston County,13,GA,Georgia,-83.64926,32.44143
13155,Irwin,Irwin County,13,GA,Georgia,-83.28205,31.57069
13157,Jackson,Jackson County,13,GA,Georgia,-83.56353,34.14369
13159,Jasper,Jasper County,13,GA,Georgia,-83.68801,33.31646
13161,Jeff Davis,Jeff Davis County,13,GA,Georgia,-82.63683,31.80562
13163,Jefferson,Jefferson County,13,GA,Georgia,-82.42191,33.05514
13165,Jenkins,Jenkins County,13,GA,Georgia,-81.96355,32.79245
13167,Johnson,Johnson County,13,GA,Georgia,-82.6305,32.69732
13169,Jones,Jones County,13,GA,Georgia,-83.56049,33.02511
13171,Lamar,Lamar County,13,GA,Georgia,-84.13946,33.07653
13173,Lanier,Lanier County,13,GA,Georgia,-83.06276,31.03787
13175,Laurens,Laurens County,13,GA,Georgia,-82.92223,32.46365
13177,Lee,Lee County,13,GA,Georgia,-84.141,31.77961
13179,Liberty,Liberty County,13,GA,Georgia,-81.4949,31.82823
13181,Lincoln,Lincoln County,13,GA,Georgia,-82.45589,33.77932
13183,Long,Long County,13,GA,Georgia,-81.75393,31.74425
13185,Lowndes,Lowndes County,13,GA,Georgia,-83.23528,30.83661
13187,Lumpkin,Lumpkin County,13,GA,Georgia,-83.99759,34.55619
13189,McDuffie,McDuffie County,13,GA,Georgia,-82.48201,33.48231
13191,McIntosh,McIntosh County,13,GA,Georgia,-81.4259,31.49096
13193,Macon,Macon County,13,GA,Georgia,-84.04256,32.35767
13195,Madison,Madison County,13,GA,Georgia,-83.20903,34.12778
13197,Marion,Marion County,13,GA,Georgia,-84.52462,32.35352
13199,Meriwether,Meriwether County,13,GA,Georgia,-84.6883,33.04055
13201,Miller,Miller County,13,GA,Georgia,-84.73077,31.16399
13205,Mitchell,Mitchell County,13,GA,Georgia,-84.19264,31.21812
13207,Monroe,Monroe County,13,GA,Georgia,-83.91478,33.01365
13209,Montgomery,Montgomery County,13,GA,Georgia,-82.53306,32.19192
13211,Morgan,Morgan County,13,GA,Georgia,-83.49233,33.59086
13213,Murray,Murray County,13,GA,Georgia,-84.74807,34.78843
13215,Muscogee,Muscogee County,13,GA,Georgia,-84.87646,32.50472
13217,Newton,Newton County,13,GA,Georgia,-83.85019,33.55504
13219,Oconee,Oconee County,13,GA,Georgia,-83.40785,33.82196
13221,Oglethorpe,Oglethorpe County,13,GA,Georgia,-83.08071,33.88067
13223,Paulding,Paulding County,13,GA,Georgia,-84.86682,33.92037
13225,Peach,Peach County,13,GA,Georgia,-83.82686,32.56878
13227,Pickens,Pickens County,13,GA,Georgia,-84.46558,34.46433
13229,Pierce,Pierce County,13,GA,Georgia,-82.21276,31.35877
13231,Pike,Pike County,13,GA,Georgia,-84.38921,33.09226
13233,Polk,Polk County,13,GA,Georgia,-85.18815,34.00179
13235,Pulaski,Pulaski County,13,GA,Georgia,-83.47789,32.23259
13237,Putnam,Putnam County,13,GA,Georgia,-83.3728,33.32177
13239,Quitman,Quitman County,13,GA,Georgia,-85.01877,31.86735
13241,Rabun,Rabun County,13,GA,Georgia,-83.40203,34.8818
13243,Randolph,Randolph County,13,GA,Georgia,-84.75419,31.76266
13245,Richmond,Richmond County,13,GA,Georgia,-82.07194,33.36298
13247,Rockdale,Rockdale County,13,GA,Georgia,-84.02302,33.653
13249,Schley,Schley County,13,GA,Georgia,-84.32015,32.258
13251,Screven,Screven County,13,GA,Georgia,-81.61196,32.75056
13253,Seminole,Seminole County,13,GA,Georgia,-84.86016,30.9458
13255,Spalding,Spalding County,13,GA,Georgia,-84.28399,33.26254
13257,Stephens,Stephens County,13,GA,Georgia,-83.29576,34.55502
13259,Stewart,Stewart County,13,GA,Georgia,-84.83523,32.07849
13261,Sumter,Sumter County,13,GA,Georgia,-84.197,32.03993
13263,Talbot,Talbot County,13,GA,Georgia,-84.53301,32.6995
13265,Taliaferro,Taliaferro County,13,GA,Georgia,-82.89235,33.5469
13267,Tattnall,Tattnall County,13,GA,Georgia,-82.0811,32.03711
13269,Taylor,Taylor County,13,GA,Georgia,-84.25186,32.55591
13271,Telfair,Telfair County,13,GA,Georgia,-82.93901,31.9298
13273,Terrell,Terrell County,13,GA,Georgia,-84.43686,31.77692
13275,Thomas,Thomas County,13,GA,Georgia,-83.91933,30.86375
13277,Tift,Tift County,13,GA,Georgia,-83.5266,31.45743
13279,Toombs,Toombs County,13,GA,Georgia,-82.33122,32.12161
13281,Towns,Towns County,13,GA,Georgia,-83.73731,34.91671
13283,Treutlen,Treutlen County,13,GA,Georgia,-82.56784,32.40701
13285,Troup,Troup County,13,GA,Georgia,-85.02836,33.03353
13287,Turner,Turner County,13,GA,Georgia,-83.62403,31.71054
13289,Twiggs,Twiggs County,13,GA,Georgia,-83.42708,32.6672
13291,Union,Union County,13,GA,Georgia,-83.99072,34.83409
13293,Upson,Upson County,13,GA,Georgia,-84.29936,32.88126
13295,Walker,Walker County,13,GA,Georgia,-85.31258,34.7311
13297,Walton,Walton County,13,GA,Georgia,-83.73386,33.78155
13299,Ware,Ware County,13,GA,Georgia,-82.4564,31.15219
13301,Warren,Warren County,13,GA,Georgia,-82.68014,33.40721
13303,Washington,Washington County,13,GA,Georgia,-82.79555,32.96986
13305,Wayne,Wayne County,13,GA,Georgia,-81.92448,31.54319
13307,Webster,Webster County,13,GA,Georgia,-84.55118,32.04638
13309,Wheeler,Wheeler County,13,GA,Georgia,-82.73204,32.11965
13311,White,White County,13,GA,Georgia,-83.75751,34.64615
13313,Whitfield,Whitfield County,13,GA,Georgia,-84.96721,34.80561
13315,Wilcox,Wilcox County,13,GA,Georgia,-83.43233,31.97288
13317,Wilkes,Wilkes County,13,GA,Georgia,-82.7432,33.78195
13319,Wilkinson,Wilkinson County,13,GA,Georgia,-83.17124,32.80238
13321,Worth,Worth County,13,GA,Georgia,-83.85245,31.50198
16001,Ada,Ada County,16,ID,Idaho,-116.24116,43.4511
16003,Adams,Adams County,16,ID,Idaho,-116.42924,44.89716
16005,Bannock,Bannock County,16,ID,Idaho,-112.15549,42.54086
16007,Bear Lake,Bear Lake County,16,ID,Idaho,-111.33295,42.28081
16009,Benewah,Benewah County,16,ID,Idaho,-116.62089,47.20442
16011,Bingham,Bingham County,16,ID,Idaho,-112.60431,43.23236
16013,Blaine,Blaine County,16,ID,Idaho,-114.03794,43.44525
16015,Boise,Boise County,16,ID,Idaho,-115.8224,43.96112
16017,Bonner,Bonner County,16,ID,Idaho,-116.60088,48.26497
16019,Bonneville,Bonneville County,16,ID,Idaho,-111.35174,43.34549
16021,Boundary,Boundary County,16,ID,Idaho,-116.46287,48.76687
16023,Butte,Butte County,16,ID,Idaho,-113.11847,43.70013
16025,Camas,Camas County,16,ID,Idaho,-114.82868,43.44142
16027,Canyon,Canyon County,16,ID,Idaho,-116.68462,43.64004
16029,Caribou,Caribou County,16,ID,Idaho,-111.56321,42.80206
16031,Cassia,Cassia County,16,ID,Idaho,-113.50132,42.2865
16033,Clark,Clark County,16,ID,Idaho,-112.27861,44.26826
16035,Clearwater,Clearwater County,16,ID,Idaho,-115.8371,46.65748
16037,Custer,Custer County,16,ID,Idaho,-114.27782,44.25123
16039,Elmore,Elmore County,16,ID,Idaho,-115.4693,43.35396
16041,Franklin,Franklin County,16,ID,Idaho,-111.78982,42.16527
16043,Fremont,Fremont County,16,ID,Idaho,-111.41864,44.21397
16045,Gem,Gem County,16,ID,Idaho,-116.39438,43.96072
16047,Gooding,Gooding County,16,ID,Idaho,-114.79073,42.99094
16049,Idaho,Idaho County,16,ID,Idaho,-115.44384,45.81427
16051,Jefferson,Jefferson County,16,ID,Idaho,-112.31112,43.82093
16053,Jerome,Jerome County,16,ID,Idaho,-114.25445,42.68496
16055,Kootenai,Kootenai County,16,ID,Idaho,-116.70182,47.67438
16057,Latah,Latah County,16,ID,Idaho,-116.71168,46.82031
16059,Lemhi,Lemhi County,16,ID,Idaho,-113.88452,45.00227
16061,Lewis,Lewis County,16,ID,Idaho,-116.57447,46.21919
16063,Lincoln,Lincoln County,16,ID,Idaho,-114.13828,43.00238
16065,Madison,Madison County,16,ID,Idaho,-111.57923,43.76464
16067,Minidoka,Minidoka County,16,ID,Idaho,-113.57877,42.93306
16069,Nez Perce,Nez Perce County,16,ID,Idaho,-116.85323,46.34251
16071,Oneida,Oneida County,16,ID,Idaho,-112.53427,42.1893
16073,Owyhee,Owyhee County,16,ID,Idaho,-116.24014,42.50229
16075,Payette,Payette County,16,ID,Idaho,-116.80624,44.03395
16077,Power,Power County,16,ID,Idaho,-112.79482,42.64831
16079,Shoshone,Shoshone County,16,ID,Idaho,-116.00967,47.29607
16081,Teton,Teton County,16,ID,Idaho,-111.20762,43.75945
16083,Twin Falls,Twin Falls County,16,ID,Idaho,-114.66621,42.35189
16085,Valley,Valley County,16,ID,Idaho,-115.64244,44.79201
16087,Washington,Washington County,16,ID,Idaho,-116.7907,44.44706
17001,Adams,Adams County,17,IL,Illinois,-91.18854,39.98789
17003,Alexander,Alexander County,17,IL,Illinois,-89.35247,37.19455
17005,Bond,Bond County,17,IL,Illinois,-89.43555,38.88684
17007,Boone,Boone County,17,IL,Illinois,-88.82338,42.32309
17009,Brown,Brown County,17,IL,Illinois,-90.75463,39.95853
17011,Bureau,Bureau County,17,IL,Illinois,-89.52865,41.40413
17013,Calhoun,Calhoun County,17,IL,Illinois,-90.67847,39.30026
17015,Carroll,Carroll County,17,IL,Illinois,-89.93427,42.06874
17017,Cass,Cass County,17,IL,Illinois,-90.25014,39.96411
17019,Champaign,Champaign County,17,IL,Illinois,-88.19916,40.1401
17021,Christian,Christian County,17,IL,Illinois,-89.27726,39.54584
17023,Clark,Clark County,17,IL,Illinois,-87.78771,39.33362
17025,Clay,Clay County,17,IL,Illinois,-88.49023,38.75416
17027,Clinton,Clinton County,17,IL,Illinois,-89.42156,38.61171
17029,Coles,Coles County,17,IL,Illinois,-88.22173,39.52029
17031,Cook,Cook County,17,IL,Illinois,-87.76175,41.81271
17033,Crawford,Crawford County,17,IL,Illinois,-87.75956,39.00272
17035,Cumberland,Cumberland County,17,IL,Illinois,-88.2402,39.27335
17037,DeKalb,DeKalb County,17,IL,Illinois,-88.77031,41.89354
17039,De Witt,De Witt County,17,IL,Illinois,-88.90408,40.17461
17041,Douglas,Douglas County,17,IL,Illinois,-88.21735,39.76945
17043,DuPage,DuPage County,17,IL,Illinois,-88.08559,41.85195
17045,Edgar,Edgar County,17,IL,Illinois,-87.74557,39.67858
17047,Edwards,Edwards County,17,IL,Illinois,-88.06064,38.42233
17049,Effingham,Effingham County,17,IL,Illinois,-88.58986,39.05979
17051,Fayette,Fayette County,17,IL,Illinois,-89.02413,39.00018
17053,Ford,Ford County,17,IL,Illinois,-88.221,40.52075
17055,Franklin,Franklin County,17,IL,Illinois,-88.92417,37.9923
17057,Fulton,Fulton County,17,IL,Illinois,-90.21297,40.47312
17059,Gallatin,Gallatin County,17,IL,Illinois,-88.23242,37.76539
17061,Greene,Greene County,17,IL,Illinois,-90.39305,39.35902
17063,Grundy,Grundy County,17,IL,Illinois,-88.41848,41.28512
17065,Hamilton,Hamilton County,17,IL,Illinois,-88.5391,38.08155
17067,Hancock,Hancock County,17,IL,Illinois,-91.16472,40.40374
17069,Hardin,Hardin County,17,IL,Illinois,-88.27293,37.52693
17071,Henderson,Henderson County,17,IL,Illinois,-90.91857,40.80372
17073,Henry,Henry County,17,IL,Illinois,-90.13139,41.35315
17075,Iroquois,Iroquois County,17,IL,Illinois,-87.82434,40.74725
17077,Jackson,Jackson County,17,IL,Illinois,-89.3821,37.78511
17079,Jasper,Jasper County,17,IL,Illinois,-88.15385,39.01006
17081,Jefferson,Jefferson County,17,IL,Illinois,-88.924,38.30053
17083,Jersey,Jersey County,17,IL,Illinois,-90.35594,39.07569
17085,Jo Daviess,Jo Daviess County,17,IL,Illinois,-90.21258,42.36578
17087,Johnson,Johnson County,17,IL,Illinois,-88.88095,37.45965
17089,Kane,Kane County,17,IL,Illinois,-88.42864,41.93885
17091,Kankakee,Kankakee County,17,IL,Illinois,-87.86183,41.13771
17093,Kendall,Kendall County,17,IL,Illinois,-88.42878,41.59057
17095,Knox,Knox County,17,IL,Illinois,-90.21324,40.93183
17097,Lake,Lake County,17,IL,Illinois,-88.00365,42.32334
17099,LaSalle,LaSalle County,17,IL,Illinois,-88.88595,41.34399
17101,Lawrence,Lawrence County,17,IL,Illinois,-87.72677,38.71997
17103,Lee,Lee County,17,IL,Illinois,-89.30031,41.74611
17105,Livingston,Livingston County,17,IL,Illinois,-88.51655,40.9266
17107,Logan,Logan County,17,IL,Illinois,-89.36752,40.12454
17109,McDonough,McDonough County,17,IL,Illinois,-90.67786,40.45618
17111,McHenry,McHenry County,17,IL,Illinois,-88.45233,42.32442
17113,McLean,McLean County,17,IL,Illinois,-88.8477,40.49474
17115,Macon,Macon County,17,IL,Illinois,-88.96156,39.85999
17117,Macoupin,Macoupin County,17,IL,Illinois,-89.92446,39.26102
17119,Madison,Madison County,17,IL,Illinois,-89.90494,38.82974
17121,Marion,Marion County,17,IL,Illinois,-88.91899,38.64959
17123,Marshall,Marshall County,17,IL,Illinois,-89.34407,41.02223
17125,Mason,Mason County,17,IL,Illinois,-89.91191,40.27343
17127,Massac,Massac County,17,IL,Illinois,-88.70777,37.22001
17129,Menard,Menard County,17,IL,Illinois,-89.80256,40.01929
17131,Mercer,Mercer County,17,IL,Illinois,-90.74143,41.20534
17133,Monroe,Monroe County,17,IL,Illinois,-90.17886,38.27523
17135,Montgomery,Montgomery County,17,IL,Illinois,-89.47888,39.20448
17137,Morgan,Morgan County,17,IL,Illinois,-90.17914,39.72408
17139,Moultrie,Moultrie County,17,IL,Illinois,-88.61396,39.64325
17141,Ogle,Ogle County,17,IL,Illinois,-89.32072,42.04258
17143,Peoria,Peoria County,17,IL,Illinois,-89.76005,40.78804
17145,Perry,Perry County,17,IL,Illinois,-89.367,38.08373
17147,Piatt,Piatt County,17,IL,Illinois,-88.59109,40.01035
17149,Pike,Pike County,17,IL,Illinois,-90.8808,39.58641
17151,Pope,Pope County,17,IL,Illinois,-88.58926,37.42045
17153,Pulaski,Pulaski County,17,IL,Illinois,-89.13286,37.22976
17155,Putnam,Putnam County,17,IL,Illinois,-89.27127,41.21345
17157,Randolph,Randolph County,17,IL,Illinois,-89.81447,38.06281
17159,Richland,Richland County,17,IL,Illinois,-88.08515,38.71239
17161,Rock Island,Rock Island County,17,IL,Illinois,-90.54243,41.43332
17163,St. Clair,St. Clair County,17,IL,Illinois,-89.92839,38.47032
17165,Saline,Saline County,17,IL,Illinois,-88.54072,37.75311
17167,Sangamon,Sangamon County,17,IL,Illinois,-89.67656,39.74411
17169,Schuyler,Schuyler County,17,IL,Illinois,-90.60012,40.16612
17171,Scott,Scott County,17,IL,Illinois,-90.47472,39.64409
17173,Shelby,Shelby County,17,IL,Illinois,-88.8084,39.38818
17175,Stark,Stark County,17,IL,Illinois,-89.78114,41.08342
17177,Stephenson,Stephenson County,17,IL,Illinois,-89.66226,42.3518
17179,Tazewell,Tazewell County,17,IL,Illinois,-89.5032,40.50082
17181,Union,Union County,17,IL,Illinois,-89.25514,37.47128
17183,Vermilion,Vermilion County,17,IL,Illinois,-87.73281,40.18343
17185,Wabash,Wabash County,17,IL,Illinois,-87.84433,38.4461
17187,Warren,Warren County,17,IL,Illinois,-90.61501,40.84881
17189,Washington,Washington County,17,IL,Illinois,-89.41047,38.35217
17191,Wayne,Wayne County,17,IL,Illinois,-88.4256,38.42955
17193,White,White County,17,IL,Illinois,-88.18697,38.08938
17195,Whiteside,Whiteside County,17,IL,Illinois,-89.91412,41.75625
17197,Will,Will County,17,IL,Illinois,-88.03644,41.45446
17199,Williamson,Williamson County,17,IL,Illinois,-88.92991,37.73026
17201,Winnebago,Winnebago County,17,IL,Illinois,-89.16066,42.34435
17203,Woodford,Woodford County,17,IL,Illinois,-89.19135,40.78271
18001,Adams,Adams County,18,IN,Indiana,-84.93662,40.74566
18003,Allen,Allen County,18,IN,Indiana,-85.06657,41.09088
18005,Bartholomew,Bartholomew County,18,IN,Indiana,-85.90425,39.21231
18007,Benton,Benton County,18,IN,Indiana,-87.31093,40.60625
18009,Blackford,Blackford County,18,IN,Indiana,-85.32482,40.47364
18011,Boone,Boone County,18,IN,Indiana,-86.46872,40.0508
18013,Brown,Brown County,18,IN,Indiana,-86.22738,39.19623
18015,Carroll,Carroll County,18,IN,Indiana,-86.56409,40.57917
18017,Cass,Cass County,18,IN,Indiana,-86.33309,40.79596
18019,Clark,Clark County,18,IN,Indiana,-85.71141,38.47936
18021,Clay,Clay County,18,IN,Indiana,-87.13368,39.40771
18023,Clinton,Clinton County,18,IN,Indiana,-86.47514,40.3017
18025,Crawford,Crawford County,18,IN,Indiana,-86.45201,38.29893
18027,Daviess,Daviess County,18,IN,Indiana,-87.07204,38.70241
18029,Dearborn,Dearborn County,18,IN,Indiana,-84.97416,39.14639
18031,Decatur,Decatur County,18,IN,Indiana,-85.50112,39.307
18033,DeKalb,DeKalb County,18,IN,Indiana,-84.99906,41.39757
18035,Delaware,Delaware County,18,IN,Indiana,-85.3969,40.22755
18037,Dubois,Dubois County,18,IN,Indiana,-86.88075,38.36316
18039,Elkhart,Elkhart County,18,IN,Indiana,-85.85875,41.59739
18041,Fayette,Fayette County,18,IN,Indiana,-85.17903,39.62939
18043,Floyd,Floyd County,18,IN,Indiana,-85.90704,38.31879
18045,Fountain,Fountain County,18,IN,Indiana,-87.24197,40.1209
18047,Franklin,Franklin County,18,IN,Indiana,-85.06017,39.41486
18049,Fulton,Fulton County,18,IN,Indiana,-86.27337,41.05016
18051,Gibson,Gibson County,18,IN,Indiana,-87.58458,38.3119
18053,Grant,Grant County,18,IN,Indiana,-85.65472,40.5158
18055,Greene,Greene County,18,IN,Indiana,-86.96206,39.03634
18057,Hamilton,Hamilton County,18,IN,Indiana,-86.05204,40.07247
18059,Hancock,Hancock County,18,IN,Indiana,-85.77325,39.82356
18061,Harrison,Harrison County,18,IN,Indiana,-86.11189,38.19496
18063,Hendricks,Hendricks County,18,IN,Indiana,-86.50997,39.76951
18065,Henry,Henry County,18,IN,Indiana,-85.39642,39.93106
18067,Howard,Howard County,18,IN,Indiana,-86.11696,40.48361
18069,Huntington,Huntington County,18,IN,Indiana,-85.48813,40.82922
18071,Jackson,Jackson County,18,IN,Indiana,-86.03754,38.90641
18073,Jasper,Jasper County,18,IN,Indiana,-87.11612,41.02297
18075,Jay,Jay County,18,IN,Indiana,-85.0057,40.43796
18077,Jefferson,Jefferson County,18,IN,Indiana,-85.45171,38.81646
18079,Jennings,Jennings County,18,IN,Indiana,-85.6286,38.99789
18081,Johnson,Johnson County,18,IN,Indiana,-86.1016,39.48996
18083,Knox,Knox County,18,IN,Indiana,-87.40322,38.68032
18085,Kosciusko,Kosciusko County,18,IN,Indiana,-85.86072,41.24407
18087,LaGrange,LaGrange County,18,IN,Indiana,-85.42649,41.64262
18089,Lake,Lake County,18,IN,Indiana,-87.38214,41.41674
18091,LaPorte,LaPorte County,18,IN,Indiana,-86.74789,41.56038
18093,Lawrence,Lawrence County,18,IN,Indiana,-86.48345,38.84116
18095,Madison,Madison County,18,IN,Indiana,-85.71936,40.16162
18097,Marion,Marion County,18,IN,Indiana,-86.13848,39.78171
18099,Marshall,Marshall County,18,IN,Indiana,-86.26177,41.32484
18101,Martin,Martin County,18,IN,Indiana,-86.80306,38.70801
18103,Miami,Miami County,18,IN,Indiana,-86.04505,40.76946
18105,Monroe,Monroe County,18,IN,Indiana,-86.52314,39.16089
18107,Montgomery,Montgomery County,18,IN,Indiana,-86.89331,40.04039
18109,Morgan,Morgan County,18,IN,Indiana,-86.44479,39.47571
18111,Newton,Newton County,18,IN,Indiana,-87.39757,40.95584
18113,Noble,Noble County,18,IN,Indiana,-85.4175,41.3986
18115,Ohio,Ohio County,18,IN,Indiana,-84.9437,38.94856
18117,Orange,Orange County,18,IN,Indiana,-86.49505,38.54178
18119,Owen,Owen County,18,IN,Indiana,-86.82747,39.31168
18121,Parke,Parke County,18,IN,Indiana,-87.20639,39.77363
18123,Perry,Perry County,18,IN,Indiana,-86.63802,38.07965
18125,Pike,Pike County,18,IN,Indiana,-87.20846,38.40341
18127,Porter,Porter County,18,IN,Indiana,-87.06716,41.46031
18129,Posey,Posey County,18,IN,Indiana,-87.84692,38.04001
18131,Pulaski,Pulaski County,18,IN,Indiana,-86.69879,41.04185
18133,Putnam,Putnam County,18,IN,Indiana,-86.84499,39.66626
18135,Randolph,Randolph County,18,IN,Indiana,-85.01144,40.15759
18137,Ripley,Ripley County,18,IN,Indiana,-85.26237,39.10347
18139,Rush,Rush County,18,IN,Indiana,-85.46576,39.61997
18141,St. Joseph,St. Joseph County,18,IN,Indiana,-86.28987,41.61666
18143,Scott,Scott County,18,IN,Indiana,-85.7475,38.6869
18145,Shelby,Shelby County,18,IN,Indiana,-85.79167,39.52372
18147,Spencer,Spencer County,18,IN,Indiana,-86.96644,38.03261
18149,Starke,Starke County,18,IN,Indiana,-86.6262,41.28904
18151,Steuben,Steuben County,18,IN,Indiana,-85.00086,41.64389
18153,Sullivan,Sullivan County,18,IN,Indiana,-87.41472,39.08884
18155,Switzerland,Switzerland County,18,IN,Indiana,-85.07592,38.82495
18157,Tippecanoe,Tippecanoe County,18,IN,Indiana,-86.89406,40.38862
18159,Tipton,Tipton County,18,IN,Indiana,-86.05185,40.31134
18161,Union,Union County,18,IN,Indiana,-84.92514,39.62559
18163,Vanderburgh,Vanderburgh County,18,IN,Indiana,-87.58243,38.06205
18165,Vermillion,Vermillion County,18,IN,Indiana,-87.46398,39.8538
18167,Vigo,Vigo County,18,IN,Indiana,-87.38997,39.43063
18169,Wabash,Wabash County,18,IN,Indiana,-85.794,40.84565
18171,Warren,Warren County,18,IN,Indiana,-87.36531,40.3592
18173,Warrick,Warrick County,18,IN,Indiana,-87.27427,38.08918
18175,Washington,Washington County,18,IN,Indiana,-86.1053,38.6
18177,Wayne,Wayne County,18,IN,Indiana,-85.00983,39.86438
18179,Wells,Wells County,18,IN,Indiana,-85.21563,40.72898
18181,White,White County,18,IN,Indiana,-86.88828,40.7487
18183,Whitley,Whitley County,18,IN,Indiana,-85.50512,41.13938
19001,Adair,Adair County,19,IA,Iowa,-94.47097,41.33074
19003,Adams,Adams County,19,IA,Iowa,-94.69917,41.02898
19005,Allamakee,Allamakee County,19,IA,Iowa,-91.37806,43.2843
19007,Appanoose,Appanoose County,19,IA,Iowa,-92.86862,40.74317
19009,Audubon,Audubon County,19,IA,Iowa,-94.90581,41.6846
19011,Benton,Benton County,19,IA,Iowa,-92.06574,42.08019
19013,Black Hawk,Black Hawk County,19,IA,Iowa,-92.30883,42.47009
19015,Boone,Boone County,19,IA,Iowa,-93.93164,42.0365
19017,Bremer,Bremer County,19,IA,Iowa,-92.31806,42.77459
19019,Buchanan,Buchanan County,19,IA,Iowa,-91.83785,42.4708
19021,Buena Vista,Buena Vista County,19,IA,Iowa,-95.15113,42.7355
19023,Butler,Butler County,19,IA,Iowa,-92.79018,42.73157
19025,Calhoun,Calhoun County,19,IA,Iowa,-94.6404,42.38518
19027,Carroll,Carroll County,19,IA,Iowa,-94.86054,42.03619
19029,Cass,Cass County,19,IA,Iowa,-94.92783,41.33151
19031,Cedar,Cedar County,19,IA,Iowa,-91.13243,41.77232
19033,Cerro Gordo,Cerro Gordo County,19,IA,Iowa,-93.26081,43.08156
19035,Cherokee,Cherokee County,19,IA,Iowa,-95.62381,42.73562
19037,Chickasaw,Chickasaw County,19,IA,Iowa,-92.31767,43.06006
19039,Clarke,Clarke County,19,IA,Iowa,-93.78519,41.02902
19041,Clay,Clay County,19,IA,Iowa,-95.15094,43.08257
19043,Clayton,Clayton County,19,IA,Iowa,-91.34141,42.84473
19045,Clinton,Clinton County,19,IA,Iowa,-90.60547,41.90139
19047,Crawford,Crawford County,19,IA,Iowa,-95.38199,42.0372
19049,Dallas,Dallas County,19,IA,Iowa,-94.03977,41.68487
19051,Davis,Davis County,19,IA,Iowa,-92.40971,40.74769
19053,Decatur,Decatur County,19,IA,Iowa,-93.78628,40.7377
19055,Delaware,Delaware County,19,IA,Iowa,-91.36733,42.47121
19057,Des Moines,Des Moines County,19,IA,Iowa,-91.18543,40.92765
19059,Dickinson,Dickinson County,19,IA,Iowa,-95.15081,43.37798
19061,Dubuque,Dubuque County,19,IA,Iowa,-90.88251,42.46882
19063,Emmet,Emmet County,19,IA,Iowa,-94.67851,43.37805
19065,Fayette,Fayette County,19,IA,Iowa,-91.84434,42.8626
19067,Floyd,Floyd County,19,IA,Iowa,-92.78901,43.05991
19069,Franklin,Franklin County,19,IA,Iowa,-93.26248,42.73254
19071,Fremont,Fremont County,19,IA,Iowa,-95.60468,40.74558
19073,Greene,Greene County,19,IA,Iowa,-94.39682,42.03625
19075,Grundy,Grundy County,19,IA,Iowa,-92.79526,42.42401
19077,Guthrie,Guthrie County,19,IA,Iowa,-94.50106,41.68374
19079,Hamilton,Hamilton County,19,IA,Iowa,-93.70678,42.38377
19081,Hancock,Hancock County,19,IA,Iowa,-93.73427,43.0819
19083,Hardin,Hardin County,19,IA,Iowa,-93.24039,42.38387
19085,Harrison,Harrison County,19,IA,Iowa,-95.81684,41.68286
19087,Henry,Henry County,19,IA,Iowa,-91.54454,40.98798
19089,Howard,Howard County,19,IA,Iowa,-92.31719,43.35678
19091,Humboldt,Humboldt County,19,IA,Iowa,-94.2072,42.77646
19093,Ida,Ida County,19,IA,Iowa,-95.5135,42.3869
19095,Iowa,Iowa County,19,IA,Iowa,-92.0655,41.68632
19097,Jackson,Jackson County,19,IA,Iowa,-90.57425,42.17174
19099,Jasper,Jasper County,19,IA,Iowa,-93.05376,41.68603
19101,Jefferson,Jefferson County,19,IA,Iowa,-91.9489,41.03178
19103,Johnson,Johnson County,19,IA,Iowa,-91.5881,41.67153
19105,Jones,Jones County,19,IA,Iowa,-91.13146,42.12123
19107,Keokuk,Keokuk County,19,IA,Iowa,-92.17864,41.33646
19109,Kossuth,Kossuth County,19,IA,Iowa,-94.2067,43.20413
19111,Lee,Lee County,19,IA,Iowa,-91.49733,40.65992
19113,Linn,Linn County,19,IA,Iowa,-91.59903,42.07896
19115,Louisa,Louisa County,19,IA,Iowa,-91.25931,41.2179
19117,Lucas,Lucas County,19,IA,Iowa,-93.32775,41.02936
19119,Lyon,Lyon County,19,IA,Iowa,-96.2102,43.3805
19121,Madison,Madison County,19,IA,Iowa,-94.01555,41.33072
19123,Mahaska,Mahaska County,19,IA,Iowa,-92.64091,41.33521
19125,Marion,Marion County,19,IA,Iowa,-93.09945,41.33444
19127,Marshall,Marshall County,19,IA,Iowa,-92.99879,42.03584
19129,Mills,Mills County,19,IA,Iowa,-95.62131,41.03344
19131,Mitchell,Mitchell County,19,IA,Iowa,-92.78905,43.35641
19133,Monona,Monona County,19,IA,Iowa,-95.9599,42.05164
19135,Monroe,Monroe County,19,IA,Iowa,-92.86901,41.0298
19137,Montgomery,Montgomery County,19,IA,Iowa,-95.15635,41.03015
19139,Muscatine,Muscatine County,19,IA,Iowa,-91.14458,41.47914
19141,O'Brien,O'Brien County,19,IA,Iowa,-95.62492,43.08376
19143,Osceola,Osceola County,19,IA,Iowa,-95.62369,43.37859
19145,Page,Page County,19,IA,Iowa,-95.15018,40.73914
19147,Palo Alto,Palo Alto County,19,IA,Iowa,-94.67813,43.08209
19149,Plymouth,Plymouth County,19,IA,Iowa,-96.21408,42.73783
19151,Pocahontas,Pocahontas County,19,IA,Iowa,-94.67874,42.73416
19153,Polk,Polk County,19,IA,Iowa,-93.57343,41.68539
19155,Pottawattamie,Pottawattamie County,19,IA,Iowa,-95.5423,41.33662
19157,Poweshiek,Poweshiek County,19,IA,Iowa,-92.53145,41.68644
19159,Ringgold,Ringgold County,19,IA,Iowa,-94.24398,40.73517
19161,Sac,Sac County,19,IA,Iowa,-95.10535,42.38624
19163,Scott,Scott County,19,IA,Iowa,-90.62325,41.6371
19165,Shelby,Shelby County,19,IA,Iowa,-95.31017,41.68509
19167,Sioux,Sioux County,19,IA,Iowa,-96.17785,43.08263
19169,Story,Story County,19,IA,Iowa,-93.46504,42.03623
19171,Tama,Tama County,19,IA,Iowa,-92.53255,42.07981
19173,Taylor,Taylor County,19,IA,Iowa,-94.6964,40.73739
19175,Union,Union County,19,IA,Iowa,-94.24236,41.02773
19177,Van Buren,Van Buren County,19,IA,Iowa,-91.94995,40.75323
19179,Wapello,Wapello County,19,IA,Iowa,-92.40947,41.03058
19181,Warren,Warren County,19,IA,Iowa,-93.56146,41.33427
19183,Washington,Washington County,19,IA,Iowa,-91.71786,41.3356
19185,Wayne,Wayne County,19,IA,Iowa,-93.32738,40.73947
19187,Webster,Webster County,19,IA,Iowa,-94.18176,42.42792
19189,Winnebago,Winnebago County,19,IA,Iowa,-93.73415,43.37759
19191,Winneshiek,Winneshiek County,19,IA,Iowa,-91.84369,43.29067
19193,Woodbury,Woodbury County,19,IA,Iowa,-96.04477,42.3897
19195,Worth,Worth County,19,IA,Iowa,-93.26085,43.3774
19197,Wright,Wright County,19,IA,Iowa,-93.73516,42.73309
20001,Allen,Allen County,20,KS,Kansas,-95.30137,37.88572
20003,Anderson,Anderson County,20,KS,Kansas,-95.29334,38.21418
20005,Atchison,Atchison County,20,KS,Kansas,-95.31349,39.53175
20007,Barber,Barber County,20,KS,Kansas,-98.68481,37.22887
20009,Barton,Barton County,20,KS,Kansas,-98.75645,38.47896
20011,Bourbon,Bourbon County,20,KS,Kansas,-94.84931,37.85522
20013,Brown,Brown County,20,KS,Kansas,-95.56421,39.82649
20015,Butler,Butler County,20,KS,Kansas,-96.83904,37.78124
20017,Chase,Chase County,20,KS,Kansas,-96.59395,38.30203
20019,Chautauqua,Chautauqua County,20,KS,Kansas,-96.24539,37.15003
20021,Cherokee,Cherokee County,20,KS,Kansas,-94.84629,37.16933
20023,Cheyenne,Cheyenne County,20,KS,Kansas,-101.7319,39.78585
20025,Clark,Clark County,20,KS,Kansas,-99.8203,37.23551
20027,Clay,Clay County,20,KS,Kansas,-97.16517,39.34973
20029,Cloud,Cloud County,20,KS,Kansas,-97.64925,39.4803
20031,Coffey,Coffey County,20,KS,Kansas,-95.73409,38.23687
20033,Comanche,Comanche County,20,KS,Kansas,-99.27184,37.19126
20035,Cowley,Cowley County,20,KS,Kansas,-96.83753,37.23771
20037,Crawford,Crawford County,20,KS,Kansas,-94.85182,37.50732
20039,Decatur,Decatur County,20,KS,Kansas,-100.45994,39.78474
20041,Dickinson,Dickinson County,20,KS,Kansas,-97.1527,38.86651
20043,Doniphan,Doniphan County,20,KS,Kansas,-95.15272,39.76483
20045,Douglas,Douglas County,20,KS,Kansas,-95.2926,38.88467
20047,Edwards,Edwards County,20,KS,Kansas,-99.31208,37.87084
20049,Elk,Elk County,20,KS,Kansas,-96.24413,37.45367
20051,Ellis,Ellis County,20,KS,Kansas,-99.31725,38.91474
20053,Ellsworth,Ellsworth County,20,KS,Kansas,-98.20475,38.69664
20055,Finney,Finney County,20,KS,Kansas,-100.8532,38.06596
20057,Ford,Ford County,20,KS,Kansas,-99.88796,37.69173
20059,Franklin,Franklin County,20,KS,Kansas,-95.28595,38.56453
20061,Geary,Geary County,20,KS,Kansas,-96.7544,38.98303
20063,Gove,Gove County,20,KS,Kansas,-100.48297,38.91609
20065,Graham,Graham County,20,KS,Kansas,-99.88324,39.34973
20067,Grant,Grant County,20,KS,Kansas,-101.30799,37.56228
20069,Gray,Gray County,20,KS,Kansas,-100.43789,37.73818
20071,Greeley,Greeley County,20,KS,Kansas,-101.80604,38.48056
20073,Greenwood,Greenwood County,20,KS,Kansas,-96.23262,37.87781
20075,Hamilton,Hamilton County,20,KS,Kansas,-101.79124,37.99912
20077,Harper,Harper County,20,KS,Kansas,-98.07547,37.19161
20079,Harvey,Harvey County,20,KS,Kansas,-97.42721,38.04322
20081,Haskell,Haskell County,20,KS,Kansas,-100.87115,37.56222
20083,Hodgeman,Hodgeman County,20,KS,Kansas,-99.89792,38.0875
20085,Jackson,Jackson County,20,KS,Kansas,-95.7937,39.40787
20087,Jefferson,Jefferson County,20,KS,Kansas,-95.38344,39.23577
20089,Jewell,Jewell County,20,KS,Kansas,-98.21833,39.78474
20091,Johnson,Johnson County,20,KS,Kansas,-94.82232,38.88377
20093,Kearny,Kearny County,20,KS,Kansas,-101.31989,38.00026
20095,Kingman,Kingman County,20,KS,Kansas,-98.13634,37.5589
20097,Kiowa,Kiowa County,20,KS,Kansas,-99.28607,37.55823
20099,Labette,Labette County,20,KS,Kansas,-95.29757,37.19131
20101,Lane,Lane County,20,KS,Kansas,-100.46643,38.48133
20103,Leavenworth,Leavenworth County,20,KS,Kansas,-95.03799,39.1993
20105,Lincoln,Lincoln County,20,KS,Kansas,-98.2077,39.04532
20107,Linn,Linn County,20,KS,Kansas,-94.84299,38.21228
20109,Logan,Logan County,20,KS,Kansas,-101.14841,38.9173
20111,Lyon,Lyon County,20,KS,Kansas,-96.15264,38.45619
20113,McPherson,McPherson County,20,KS,Kansas,-97.64802,38.39166
20115,Marion,Marion County,20,KS,Kansas,-97.09462,38.36378
20117,Marshall,Marshall County,20,KS,Kansas,-96.52294,39.78357
20119,Meade,Meade County,20,KS,Kansas,-100.3662,37.23817
20121,Miami,Miami County,20,KS,Kansas,-94.83809,38.56354
20123,Mitchell,Mitchell County,20,KS,Kansas,-98.20937,39.39327
20125,Montgomery,Montgomery County,20,KS,Kansas,-95.74288,37.19252
20127,Morris,Morris County,20,KS,Kansas,-96.64989,38.68742
20129,Morton,Morton County,20,KS,Kansas,-101.79925,37.19139
20131,Nemaha,Nemaha County,20,KS,Kansas,-96.01408,39.78341
20133,Neosho,Neosho County,20,KS,Kansas,-95.30679,37.55849
20135,Ness,Ness County,20,KS,Kansas,-99.91615,38.47942
20137,Norton,Norton County,20,KS,Kansas,-99.90348,39.78438
20139,Osage,Osage County,20,KS,Kansas,-95.72691,38.65231
20141,Osborne,Osborne County,20,KS,Kansas,-98.76795,39.35033
20143,Ottawa,Ottawa County,20,KS,Kansas,-97.65021,39.13254
20145,Pawnee,Pawnee County,20,KS,Kansas,-99.2302,38.1884
20147,Phillips,Phillips County,20,KS,Kansas,-99.347,39.78457
20149,Pottawatomie,Pottawatomie County,20,KS,Kansas,-96.34237,39.379
20151,Pratt,Pratt County,20,KS,Kansas,-98.73962,37.64773
20153,Rawlins,Rawlins County,20,KS,Kansas,-101.07646,39.7852
20155,Reno,Reno County,20,KS,Kansas,-98.08598,37.95296
20157,Republic,Republic County,20,KS,Kansas,-97.65062,39.82777
20159,Rice,Rice County,20,KS,Kansas,-98.20098,38.34717
20161,Riley,Riley County,20,KS,Kansas,-96.73968,39.24057
20163,Rooks,Rooks County,20,KS,Kansas,-99.32502,39.35023
20165,Rush,Rush County,20,KS,Kansas,-99.30916,38.52313
20167,Russell,Russell County,20,KS,Kansas,-98.76239,38.91481
20169,Saline,Saline County,20,KS,Kansas,-97.64996,38.78382
20171,Scott,Scott County,20,KS,Kansas,-100.90686,38.48217
20173,Sedgwick,Sedgwick County,20,KS,Kansas,-97.46098,37.68477
20175,Seward,Seward County,20,KS,Kansas,-100.85128,37.19329
20177,Shawnee,Shawnee County,20,KS,Kansas,-95.75652,39.04151
20179,Sheridan,Sheridan County,20,KS,Kansas,-100.44184,39.35035
20181,Sherman,Sherman County,20,KS,Kansas,-101.71998,39.35144
20183,Smith,Smith County,20,KS,Kansas,-98.78546,39.78516
20185,Stafford,Stafford County,20,KS,Kansas,-98.71741,38.03099
20187,Stanton,Stanton County,20,KS,Kansas,-101.78421,37.563
20189,Stevens,Stevens County,20,KS,Kansas,-101.31206,37.19234
20191,Sumner,Sumner County,20,KS,Kansas,-97.47654,37.23731
20193,Thomas,Thomas County,20,KS,Kansas,-101.05556,39.35092
20195,Trego,Trego County,20,KS,Kansas,-99.87283,38.9143
20197,Wabaunsee,Wabaunsee County,20,KS,Kansas,-96.20499,38.95328
20199,Wallace,Wallace County,20,KS,Kansas,-101.76362,38.91667
20201,Washington,Washington County,20,KS,Kansas,-97.08754,39.78418
20203,Wichita,Wichita County,20,KS,Kansas,-101.34738,38.48207
20205,Wilson,Wilson County,20,KS,Kansas,-95.74341,37.55927
20207,Woodson,Woodson County,20,KS,Kansas,-95.74013,37.8867
20209,Wyandotte,Wyandotte County,20,KS,Kansas,-94.76709,39.10936
21001,Adair,Adair County,21,KY,Kentucky,-85.2799,37.10403
21003,Allen,Allen County,21,KY,Kentucky,-86.19016,36.7541
21005,Anderson,Anderson County,21,KY,Kentucky,-84.99596,38.01026
21007,Ballard,Ballard County,21,KY,Kentucky,-88.99945,37.05853
21009,Barren,Barren County,21,KY,Kentucky,-85.93023,36.96766
21011,Bath,Bath County,21,KY,Kentucky,-83.74807,38.12816
21013,Bell,Bell County,21,KY,Kentucky,-83.66996,36.72592
21015,Boone,Boone County,21,KY,Kentucky,-84.72784,38.96986
21017,Bourbon,Bourbon County,21,KY,Kentucky,-84.21715,38.20674
21019,Boyd,Boyd County,21,KY,Kentucky,-82.68775,38.35957
21021,Boyle,Boyle County,21,KY,Kentucky,-84.86684,37.62438
21023,Bracken,Bracken County,21,KY,Kentucky,-84.09134,38.69057
21025,Breathitt,Breathitt County,21,KY,Kentucky,-83.32698,37.52458
21027,Breckinridge,Breckinridge County,21,KY,Kentucky,-86.42934,37.77339
21029,Bullitt,Bullitt County,21,KY,Kentucky,-85.69585,37.97008
21031,Butler,Butler County,21,KY,Kentucky,-86.74182,37.18732
21033,Caldwell,Caldwell County,21,KY,Kentucky,-87.87038,37.14247
21035,Calloway,Calloway County,21,KY,Kentucky,-88.27225,36.62105
21037,Campbell,Campbell County,21,KY,Kentucky,-84.36499,38.93817
21039,Carlisle,Carlisle County,21,KY,Kentucky,-88.96923,36.84781
21041,Carroll,Carroll County,21,KY,Kentucky,-85.11292,38.64916
21043,Carter,Carter County,21,KY,Kentucky,-83.04965,38.31894
21045,Casey,Casey County,21,KY,Kentucky,-84.93086,37.31915
21047,Christian,Christian County,21,KY,Kentucky,-87.49045,36.89416
21049,Clark,Clark County,21,KY,Kentucky,-84.14601,37.9763
21051,Clay,Clay County,21,KY,Kentucky,-83.7133,37.16454
21053,Clinton,Clinton County,21,KY,Kentucky,-85.13617,36.72744
21055,Crittenden,Crittenden County,21,KY,Kentucky,-88.0972,37.35272
21057,Cumberland,Cumberland County,21,KY,Kentucky,-85.37382,36.79493
21059,Daviess,Daviess County,21,KY,Kentucky,-87.0799,37.68487
21061,Edmonson,Edmonson County,21,KY,Kentucky,-86.23842,37.2088
21063,Elliott,Elliott County,21,KY,Kentucky,-83.10437,38.10708
21065,Estill,Estill County,21,KY,Kentucky,-83.96982,37.68727
21067,Fayette,Fayette County,21,KY,Kentucky,-84.45871,38.04232
21069,Fleming,Fleming County,21,KY,Kentucky,-83.68924,38.3858
21071,Floyd,Floyd County,21,KY,Kentucky,-82.74598,37.5617
21073,Franklin,Franklin County,21,KY,Kentucky,-84.87705,38.23917
21075,Fulton,Fulton County,21,KY,Kentucky,-89.1437,36.56507
21077,Gallatin,Gallatin County,21,KY,Kentucky,-84.87973,38.74549
21079,Garrard,Garrard County,21,KY,Kentucky,-84.53766,37.6396
21081,Grant,Grant County,21,KY,Kentucky,-84.62394,38.65054
21083,Graves,Graves County,21,KY,Kentucky,-88.65119,36.72311
21085,Grayson,Grayson County,21,KY,Kentucky,-86.3434,37.44731
21087,Green,Green County,21,KY,Kentucky,-85.55312,37.26403
21089,Greenup,Greenup County,21,KY,Kentucky,-82.93865,38.53436
21091,Hancock,Hancock County,21,KY,Kentucky,-86.76589,37.83611
21093,Hardin,Hardin County,21,KY,Kentucky,-85.95626,37.68452
21095,Harlan,Harlan County,21,KY,Kentucky,-83.21799,36.85695
21097,Harrison,Harrison County,21,KY,Kentucky,-84.33136,38.44182
21099,Hart,Hart County,21,KY,Kentucky,-85.88469,37.29993
21101,Henderson,Henderson County,21,KY,Kentucky,-87.54052,37.75408
21103,Henry,Henry County,21,KY,Kentucky,-85.11916,38.45077
21105,Hickman,Hickman County,21,KY,Kentucky,-88.97615,36.67814
21107,Hopkins,Hopkins County,21,KY,Kentucky,-87.54084,37.30884
21109,Jackson,Jackson County,21,KY,Kentucky,-84.00576,37.41977
21111,Jefferson,Jefferson County,21,KY,Kentucky,-85.6257,38.19561
21113,Jessamine,Jessamine County,21,KY,Kentucky,-84.57866,37.8756
21115,Johnson,Johnson County,21,KY,Kentucky,-82.83151,37.84662
21117,Kenton,Kenton County,21,KY,Kentucky,-84.53331,38.93339
21119,Knott,Knott County,21,KY,Kentucky,-82.95414,37.35405
21121,Knox,Knox County,21,KY,Kentucky,-83.85404,36.89065
21123,Larue,Larue County,21,KY,Kentucky,-85.71829,37.54723
21125,Laurel,Laurel County,21,KY,Kentucky,-84.1178,37.11067
21127,Lawrence,Lawrence County,21,KY,Kentucky,-82.73505,38.0678
21129,Lee,Lee County,21,KY,Kentucky,-83.71282,37.6046
21131,Leslie,Leslie County,21,KY,Kentucky,-83.38113,37.09407
21133,Letcher,Letcher County,21,KY,Kentucky,-82.85471,37.12091
21135,Lewis,Lewis County,21,KY,Kentucky,-83.40036,38.51858
21137,Lincoln,Lincoln County,21,KY,Kentucky,-84.6611,37.45587
21139,Livingston,Livingston County,21,KY,Kentucky,-88.34095,37.21525
21141,Logan,Logan County,21,KY,Kentucky,-86.87892,36.85969
21143,Lyon,Lyon County,21,KY,Kentucky,-88.08321,37.0191
21145,McCracken,McCracken County,21,KY,Kentucky,-88.71263,37.05185
21147,McCreary,McCreary County,21,KY,Kentucky,-84.48325,36.73643
21149,McLean,McLean County,21,KY,Kentucky,-87.25151,37.51537
21151,Madison,Madison County,21,KY,Kentucky,-84.27801,37.72018
21153,Magoffin,Magoffin County,21,KY,Kentucky,-83.05675,37.73165
21155,Marion,Marion County,21,KY,Kentucky,-85.27046,37.54411
21157,Marshall,Marshall County,21,KY,Kentucky,-88.32935,36.88345
21159,Martin,Martin County,21,KY,Kentucky,-82.51323,37.80158
21161,Mason,Mason County,21,KY,Kentucky,-83.83857,38.58107
21163,Meade,Meade County,21,KY,Kentucky,-86.16247,37.92192
21165,Menifee,Menifee County,21,KY,Kentucky,-83.59718,37.92621
21167,Mercer,Mercer County,21,KY,Kentucky,-84.87445,37.81103
21169,Metcalfe,Metcalfe County,21,KY,Kentucky,-85.62923,36.99053
21171,Monroe,Monroe County,21,KY,Kentucky,-85.71645,36.71904
21173,Montgomery,Montgomery County,21,KY,Kentucky,-83.91314,38.03352
21175,Morgan,Morgan County,21,KY,Kentucky,-83.27766,37.91855
21177,Muhlenberg,Muhlenberg County,21,KY,Kentucky,-87.14495,37.19856
21179,Nelson,Nelson County,21,KY,Kentucky,-85.47229,37.81091
21181,Nicholas,Nicholas County,21,KY,Kentucky,-84.0153,38.33556
21183,Ohio,Ohio County,21,KY,Kentucky,-86.84889,37.47819
21185,Oldham,Oldham County,21,KY,Kentucky,-85.44627,38.39703
21187,Owen,Owen County,21,KY,Kentucky,-84.82591,38.52148
21189,Owsley,Owsley County,21,KY,Kentucky,-83.68506,37.4254
21191,Pendleton,Pendleton County,21,KY,Kentucky,-84.36026,38.69564
21193,Perry,Perry County,21,KY,Kentucky,-83.2189,37.29097
21195,Pike,Pike County,21,KY,Kentucky,-82.39582,37.46907
21197,Powell,Powell County,21,KY,Kentucky,-83.82373,37.83113
21199,Pulaski,Pulaski County,21,KY,Kentucky,-84.57069,37.11389
21201,Robertson,Robertson County,21,KY,Kentucky,-84.05203,38.51881
21203,Rockcastle,Rockcastle County,21,KY,Kentucky,-84.31601,37.36506
21205,Rowan,Rowan County,21,KY,Kentucky,-83.42111,38.19626
21207,Russell,Russell County,21,KY,Kentucky,-85.05865,36.99109
21209,Scott,Scott County,21,KY,Kentucky,-84.58392,38.29155
21211,Shelby,Shelby County,21,KY,Kentucky,-85.19478,38.21545
21213,Simpson,Simpson County,21,KY,Kentucky,-86.58224,36.74195
21215,Spencer,Spencer County,21,KY,Kentucky,-85.33238,38.03269
21217,Taylor,Taylor County,21,KY,Kentucky,-85.33765,37.35697
21219,Todd,Todd County,21,KY,Kentucky,-87.17923,36.83568
21221,Trigg,Trigg County,21,KY,Kentucky,-87.87335,36.80636
21223,Trimble,Trimble County,21,KY,Kentucky,-85.33754,38.613
21225,Union,Union County,21,KY,Kentucky,-87.94526,37.65754
21227,Warren,Warren County,21,KY,Kentucky,-86.42381,36.99357
21229,Washington,Washington County,21,KY,Kentucky,-85.17176,37.74465
21231,Wayne,Wayne County,21,KY,Kentucky,-84.82862,36.80128
21233,Webster,Webster County,21,KY,Kentucky,-87.68538,37.52381
21235,Whitley,Whitley County,21,KY,Kentucky,-84.15265,36.74992
21237,Wolfe,Wolfe County,21,KY,Kentucky,-83.49316,37.73932
21239,Woodford,Woodford County,21,KY,Kentucky,-84.7436,38.04239
22001,Acadia,Acadia Parish,22,LA,Louisiana,-92.41199,30.29057
22003,Allen,Allen Parish,22,LA,Louisiana,-92.80823,30.65554
22005,Ascension,Ascension Parish,22,LA,Louisiana,-90.91327,30.21826
22007,Assumption,Assumption Parish,22,LA,Louisiana,-91.0509,29.91959
22009,Avoyelles,Avoyelles Parish,22,LA,Louisiana,-92.00613,31.05471
22011,Beauregard,Beauregard Parish,22,LA,Louisiana,-93.33755,30.66623
22013,Bienville,Bienville Parish,22,LA,Louisiana,-93.04398,32.32729
22015,Bossier,Bossier Parish,22,LA,Louisiana,-93.60491,32.67841
22017,Caddo,Caddo Parish,22,LA,Louisiana,-93.90491,32.57492
22019,Calcasieu,Calcasieu Parish,22,LA,Louisiana,-93.35805,30.22933
22021,Caldwell,Caldwell Parish,22,LA,Louisiana,-92.1183,32.0915
22023,Cameron,Cameron Parish,22,LA,Louisiana,-92.89511,29.86999
22025,Catahoula,Catahoula Parish,22,LA,Louisiana,-91.8813,31.73346
22027,Claiborne,Claiborne Parish,22,LA,Louisiana,-92.99576,32.82275
22029,Concordia,Concordia Parish,22,LA,Louisiana,-91.63005,31.50733
22031,De Soto,De Soto Parish,22,LA,Louisiana,-93.73726,32.05544
22033,East Baton Rouge,East Baton Rouge Parish,22,LA,Louisiana,-91.09466,30.53949
22035,East Carroll,East Carroll Parish,22,LA,Louisiana,-91.25426,32.69852
22037,East Feliciana,East Feliciana Parish,22,LA,Louisiana,-91.04548,30.84514
22039,Evangeline,Evangeline Parish,22,LA,Louisiana,-92.40595,30.72893
22041,Franklin,Franklin Parish,22,LA,Louisiana,-91.67385,32.13329
22043,Grant,Grant Parish,22,LA,Louisiana,-92.55105,31.58398
22045,Iberia,Iberia Parish,22,LA,Louisiana,-91.72153,29.99017
22047,Iberville,Iberville Parish,22,LA,Louisiana,-91.31438,30.19971
22049,Jackson,Jackson Parish,22,LA,Louisiana,-92.55784,32.30202
22051,Jefferson,Jefferson Parish,22,LA,Louisiana,-90.20291,29.99272
22053,Jefferson Davis,Jefferson Davis Parish,22,LA,Louisiana,-92.80959,30.27416
22055,Lafayette,Lafayette Parish,22,LA,Louisiana,-92.06438,30.20964
22057,Lafourche,Lafourche Parish,22,LA,Louisiana,-90.38519,29.56229
22059,LaSalle,LaSalle Parish,22,LA,Louisiana,-92.16136,31.6769
22061,Lincoln,Lincoln Parish,22,LA,Louisiana,-92.67168,32.61921
22063,Livingston,Livingston Parish,22,LA,Louisiana,-90.72789,30.44014
22065,Madison,Madison Parish,22,LA,Louisiana,-91.24608,32.3714
22067,Morehouse,Morehouse Parish,22,LA,Louisiana,-91.80179,32.82021
22069,Natchitoches,Natchitoches Parish,22,LA,Louisiana,-93.14001,31.72727
22071,Orleans,Orleans Parish,22,LA,Louisiana,-89.93556,30.08241
22073,Ouachita,Ouachita Parish,22,LA,Louisiana,-92.14592,32.46535
22075,Plaquemines,Plaquemines Parish,22,LA,Louisiana,-89.81846,29.60495
22077,Pointe Coupee,Pointe Coupee Parish,22,LA,Louisiana,-91.62362,30.63741
22079,Rapides,Rapides Parish,22,LA,Louisiana,-92.53225,31.19554
22081,Red River,Red River Parish,22,LA,Louisiana,-93.33854,32.09363
22083,Richland,Richland Parish,22,LA,Louisiana,-91.84232,32.40826
22085,Sabine,Sabine Parish,22,LA,Louisiana,-93.55073,31.56483
22087,St. Bernard,St. Bernard Parish,22,LA,Louisiana,-89.51493,29.82589
22089,St. Charles,St. Charles Parish,22,LA,Louisiana,-90.3783,29.90424
22091,St. Helena,St. Helena Parish,22,LA,Louisiana,-90.71032,30.82195
22093,St. James,St. James Parish,22,LA,Louisiana,-90.7931,30.02699
22095,St. John the Baptist,St. John the Baptist Parish,22,LA,Louisiana,-90.47733,30.13219
22097,St. Landry,St. Landry Parish,22,LA,Louisiana,-91.99621,30.59904
22099,St. Martin,St. Martin Parish,22,LA,Louisiana,-91.73416,30.25015
22101,St. Mary,St. Mary Parish,22,LA,Louisiana,-91.44477,29.6808
22103,St. Tammany,St. Tammany Parish,22,LA,Louisiana,-89.95831,30.41024
22105,Tangipahoa,Tangipahoa Parish,22,LA,Louisiana,-90.40566,30.62661
22107,Tensas,Tensas Parish,22,LA,Louisiana,-91.34012,32.00179
22109,Terrebonne,Terrebonne Parish,22,LA,Louisiana,-90.86757,29.41659
22111,Union,Union Parish,22,LA,Louisiana,-92.34645,32.83361
22113,Vermilion,Vermilion Parish,22,LA,Louisiana,-92.35767,29.86838
22115,Vernon,Vernon Parish,22,LA,Louisiana,-93.18428,31.10834
22117,Washington,Washington Parish,22,LA,Louisiana,-90.04082,30.85069
22119,Webster,Webster Parish,22,LA,Louisiana,-93.3255,32.63462
22121,West Baton Rouge,West Baton Rouge Parish,22,LA,Louisiana,-91.32536,30.44937
22123,West Carroll,West Carroll Parish,22,LA,Louisiana,-91.45679,32.78848
22125,West Feliciana,West Feliciana Parish,22,LA,Louisiana,-91.40507,30.87516
22127,Winn,Winn Parish,22,LA,Louisiana,-92.63815,31.96
23001,Androscoggin,Androscoggin County,23,ME,Maine,-70.20269,44.16352
23003,Aroostook,Aroostook County,23,ME,Maine,-68.46737,46.81148
23005,Cumberland,Cumberland County,23,ME,Maine,-70.40371,43.82978
23007,Franklin,Franklin County,23,ME,Maine,-70.44594,44.93057
23009,Hancock,Hancock County,23,ME,Maine,-68.28381,44.68506
23011,Kennebec,Kennebec County,23,ME,Maine,-69.80373,44.38947
23013,Knox,Knox County,23,ME,Maine,-69.2088,44.16693
23015,Lincoln,Lincoln County,23,ME,Maine,-69.53736,44.0658
23017,Oxford,Oxford County,23,ME,Maine,-70.76287,44.48606
23019,Penobscot,Penobscot County,23,ME,Maine,-68.57672,45.39417
23021,Piscataquis,Piscataquis County,23,ME,Maine,-69.25421,45.93141
23023,Sagadahoc,Sagadahoc County,23,ME,Maine,-69.91119,44.0266
23025,Somerset,Somerset County,23,ME,Maine,-70.09603,45.49473
23027,Waldo,Waldo County,23,ME,Maine,-69.14818,44.50041
23029,Washington,Washington County,23,ME,Maine,-67.6664,45.01449
23031,York,York County,23,ME,Maine,-70.71442,43.47842
24001,Allegany,Allegany County,24,MD,Maryland,-78.64662,39.62973
24003,Anne Arundel,Anne Arundel County,24,MD,Maryland,-76.58823,39.02887
24005,Baltimore,Baltimore County,24,MD,Maryland,-76.66879,39.5103
24009,Calvert,Calvert County,24,MD,Maryland,-76.58859,38.54732
24011,Caroline,Caroline County,24,MD,Maryland,-75.823,38.88092
24013,Carroll,Carroll County,24,MD,Maryland,-77.00885,39.57621
24015,Cecil,Cecil County,24,MD,Maryland,-75.87194,39.53742
24017,Charles,Charles County,24,MD,Maryland,-76.95224,38.54059
24019,Dorchester,Dorchester County,24,MD,Maryland,-75.96047,38.47802
24021,Frederick,Frederick County,24,MD,Maryland,-77.40258,39.46739
24023,Garrett,Garrett County,24,MD,Maryland,-79.2763,39.53185
24025,Harford,Harford County,24,MD,Maryland,-76.31424,39.56471
24027,Howard,Howard County,24,MD,Maryland,-76.93118,39.25072
24029,Kent,Kent County,24,MD,Maryland,-76.14294,39.21595
24031,Montgomery,Montgomery County,24,MD,Maryland,-77.19978,39.14704
24033,Prince George's,Prince George's County,24,MD,Maryland,-76.82842,38.8118
24035,Queen Anne's,Queen Anne's County,24,MD,Maryland,-76.01314,39.06153
24037,St. Mary's,St. Mary's County,24,MD,Maryland,-76.67924,38.34645
24039,Somerset,Somerset County,24,MD,Maryland,-75.69118,38.14158
24041,Talbot,Talbot County,24,MD,Maryland,-76.07743,38.77807
24043,Washington,Washington County,24,MD,Maryland,-77.72438,39.61249
24045,Wicomico,Wicomico County,24,MD,Maryland,-75.61757,38.37229
24047,Worcester,Worcester County,24,MD,Maryland,-75.32127,38.17341
24510,Baltimore,Baltimore city,24,MD,Maryland,-76.61675,39.30871
25001,Barnstable,Barnstable County,25,MA,Massachusetts,-70.51833,41.66915
25003,Berkshire,Berkshire County,25,MA,Massachusetts,-73.23808,42.30878
25005,Bristol,Bristol County,25,MA,Massachusetts,-71.17007,41.85613
25007,Dukes,Dukes County,25,MA,Massachusetts,-70.62851,41.39954
25009,Essex,Essex County,25,MA,Massachusetts,-70.93908,42.68612
25011,Franklin,Franklin County,25,MA,Massachusetts,-72.59183,42.58309
25013,Hampden,Hampden County,25,MA,Massachusetts,-72.61925,42.12529
25015,Hampshire,Hampshire County,25,MA,Massachusetts,-72.71659,42.31437
25017,Middlesex,Middlesex County,25,MA,Massachusetts,-71.36993,42.48059
25019,Nantucket,Nantucket County,25,MA,Massachusetts,-70.03037,41.28197
25021,Norfolk,Norfolk County,25,MA,Massachusetts,-71.22338,42.15558
25023,Plymouth,Plymouth County,25,MA,Massachusetts,-70.83557,41.93911
25025,Suffolk,Suffolk County,25,MA,Massachusetts,-71.07737,42.32401
25027,Worcester,Worcester County,25,MA,Massachusetts,-71.90773,42.35142
26001,Alcona,Alcona County,26,MI,Michigan,-83.59373,44.68541
26003,Alger,Alger County,26,MI,Michigan,-86.75287,46.31163
26005,Allegan,Allegan County,26,MI,Michigan,-85.88844,42.59128
26007,Alpena,Alpena County,26,MI,Michigan,-83.62856,45.03464
26009,Antrim,Antrim County,26,MI,Michigan,-85.14022,44.99909
26011,Arenac,Arenac County,26,MI,Michigan,-83.92137,44.05993
26013,Baraga,Baraga County,26,MI,Michigan,-88.33198,46.62963
26015,Barry,Barry County,26,MI,Michigan,-85.30896,42.59504
26017,Bay,Bay County,26,MI,Michigan,-84.04021,43.68687
26019,Benzie,Benzie County,26,MI,Michigan,-86.01555,44.63871
26021,Berrien,Berrien County,26,MI,Michigan,-86.40566,41.948
26023,Branch,Branch County,26,MI,Michigan,-85.05902,41.91614
26025,Calhoun,Calhoun County,26,MI,Michigan,-85.00558,42.24654
26027,Cass,Cass County,26,MI,Michigan,-85.99349,41.91536
26029,Charlevoix,Charlevoix County,26,MI,Michigan,-85.0889,45.2166
26031,Cheboygan,Cheboygan County,26,MI,Michigan,-84.4999,45.4463
26033,Chippewa,Chippewa County,26,MI,Michigan,-84.6901,46.30772
26035,Clare,Clare County,26,MI,Michigan,-84.84784,43.9879
26037,Clinton,Clinton County,26,MI,Michigan,-84.60152,42.94366
26039,Crawford,Crawford County,26,MI,Michigan,-84.61031,44.68367
26041,Delta,Delta County,26,MI,Michigan,-86.84559,45.99013
26043,Dickinson,Dickinson County,26,MI,Michigan,-87.87029,46.0092
26045,Eaton,Eaton County,26,MI,Michigan,-84.8383,42.59608
26047,Emmet,Emmet County,26,MI,Michigan,-84.87976,45.54991
26049,Genesee,Genesee County,26,MI,Michigan,-83.70671,43.03283
26051,Gladwin,Gladwin County,26,MI,Michigan,-84.38827,43.99066
26053,Gogebic,Gogebic County,26,MI,Michigan,-89.93936,46.45858
26055,Grand Traverse,Grand Traverse County,26,MI,Michigan,-85.56916,44.63123
26057,Gratiot,Gratiot County,26,MI,Michigan,-84.60492,43.29273
26059,Hillsdale,Hillsdale County,26,MI,Michigan,-84.59294,41.88779
26061,Houghton,Houghton County,26,MI,Michigan,-88.69966,46.99427
26063,Huron,Huron County,26,MI,Michigan,-83.00593,43.84693
26065,Ingham,Ingham County,26,MI,Michigan,-84.37354,42.5971
26067,Ionia,Ionia County,26,MI,Michigan,-85.0746,42.9451
26069,Iosco,Iosco County,26,MI,Michigan,-83.65344,44.35401
26071,Iron,Iron County,26,MI,Michigan,-88.53084,46.21572
26073,Isabella,Isabella County,26,MI,Michigan,-84.84679,43.64061
26075,Jackson,Jackson County,26,MI,Michigan,-84.42343,42.24849
26077,Kalamazoo,Kalamazoo County,26,MI,Michigan,-85.53119,42.24546
26079,Kalkaska,Kalkaska County,26,MI,Michigan,-85.09022,44.68466
26081,Kent,Kent County,26,MI,Michigan,-85.54929,43.03215
26083,Keweenaw,Keweenaw County,26,MI,Michigan,-89.05682,47.92253
26085,Lake,Lake County,26,MI,Michigan,-85.80164,43.99011
26087,Lapeer,Lapeer County,26,MI,Michigan,-83.22179,43.09014
26089,Leelanau,Leelanau County,26,MI,Michigan,-85.76898,44.87074
26091,Lenawee,Lenawee County,26,MI,Michigan,-84.06638,41.89512
26093,Livingston,Livingston County,26,MI,Michigan,-83.91152,42.60292
26095,Luce,Luce County,26,MI,Michigan,-85.54437,46.47066
26097,Mackinac,Mackinac County,26,MI,Michigan,-85.68879,46.11934
26099,Macomb,Macomb County,26,MI,Michigan,-82.94241,42.70001
26101,Manistee,Manistee County,26,MI,Michigan,-86.05682,44.333
26103,Marquette,Marquette County,26,MI,Michigan,-87.69695,46.49375
26105,Mason,Mason County,26,MI,Michigan,-86.24998,43.99517
26107,Mecosta,Mecosta County,26,MI,Michigan,-85.32462,43.64079
26109,Menominee,Menominee County,26,MI,Michigan,-87.5566,45.58009
26111,Midland,Midland County,26,MI,Michigan,-84.38812,43.64684
26113,Missaukee,Missaukee County,26,MI,Michigan,-85.09472,44.33738
26115,Monroe,Monroe County,26,MI,Michigan,-83.55356,41.92567
26117,Montcalm,Montcalm County,26,MI,Michigan,-85.15251,43.31095
26119,Montmorency,Montmorency County,26,MI,Michigan,-84.12721,45.02761
26121,Muskegon,Muskegon County,26,MI,Michigan,-86.18235,43.28577
26123,Newaygo,Newaygo County,26,MI,Michigan,-85.80092,43.55419
26125,Oakland,Oakland County,26,MI,Michigan,-83.38581,42.66039
26127,Oceana,Oceana County,26,MI,Michigan,-86.26758,43.64093
26129,Ogemaw,Ogemaw County,26,MI,Michigan,-84.12645,44.33496
26131,Ontonagon,Ontonagon County,26,MI,Michigan,-89.26197,46.68075
26133,Osceola,Osceola County,26,MI,Michigan,-85.32525,43.98983
26135,Oscoda,Oscoda County,26,MI,Michigan,-84.12979,44.68177
26137,Otsego,Otsego County,26,MI,Michigan,-84.59896,45.02138
26139,Ottawa,Ottawa County,26,MI,Michigan,-85.9961,42.95985
26141,Presque Isle,Presque Isle County,26,MI,Michigan,-83.92817,45.33339
26143,Roscommon,Roscommon County,26,MI,Michigan,-84.61157,44.33557
26145,Saginaw,Saginaw County,26,MI,Michigan,-84.05317,43.33504
26147,St. Clair,St. Clair County,26,MI,Michigan,-82.61708,42.97883
26149,St. Joseph,St. Joseph County,26,MI,Michigan,-85.52776,41.91445
26151,Sanilac,Sanilac County,26,MI,Michigan,-82.82025,43.42358
26153,Schoolcraft,Schoolcraft County,26,MI,Michigan,-86.17188,46.19741
26155,Shiawassee,Shiawassee County,26,MI,Michigan,-84.14673,42.95374
26157,Tuscola,Tuscola County,26,MI,Michigan,-83.43549,43.48551
26159,Van Buren,Van Buren County,26,MI,Michigan,-86.01895,42.25131
26161,Washtenaw,Washtenaw County,26,MI,Michigan,-83.83877,42.25322
26163,Wayne,Wayne County,26,MI,Michigan,-83.28218,42.2819
26165,Wexford,Wexford County,26,MI,Michigan,-85.57844,44.33833
27001,Aitkin,Aitkin County,27,MN,Minnesota,-93.41551,46.60817
27003,Anoka,Anoka County,27,MN,Minnesota,-93.24647,45.27327
27005,Becker,Becker County,27,MN,Minnesota,-95.67395,46.93463
27007,Beltrami,Beltrami County,27,MN,Minnesota,-94.86347,47.99703
27009,Benton,Benton County,27,MN,Minnesota,-93.99884,45.69911
27011,Big Stone,Big Stone County,27,MN,Minnesota,-96.39598,45.44079
27013,Blue Earth,Blue Earth County,27,MN,Minnesota,-94.09511,44.00367
27015,Brown,Brown County,27,MN,Minnesota,-94.72758,44.24214
27017,Carlton,Carlton County,27,MN,Minnesota,-92.67701,46.59236
27019,Carver,Carver County,27,MN,Minnesota,-93.86162,44.82683
27021,Cass,Cass County,27,MN,Minnesota,-94.32639,47.08682
27023,Chippewa,Chippewa County,27,MN,Minnesota,-95.5667,45.02235
27025,Chisago,Chisago County,27,MN,Minnesota,-92.89767,45.44811
27027,Clay,Clay County,27,MN,Minnesota,-96.49065,46.89234
27029,Clearwater,Clearwater County,27,MN,Minnesota,-95.37902,47.57754
27031,Cook,Cook County,27,MN,Minnesota,-90.63119,47.89223
27033,Cottonwood,Cottonwood County,27,MN,Minnesota,-95.21584,44.00353
27035,Crow Wing,Crow Wing County,27,MN,Minnesota,-94.07091,46.48245
27037,Dakota,Dakota County,27,MN,Minnesota,-93.08747,44.65111
27039,Dodge,Dodge County,27,MN,Minnesota,-92.86205,44.0226
27041,Douglas,Douglas County,27,MN,Minnesota,-95.45351,45.93376
27043,Faribault,Faribault County,27,MN,Minnesota,-93.948,43.67394
27045,Fillmore,Fillmore County,27,MN,Minnesota,-92.09018,43.67401
27047,Freeborn,Freeborn County,27,MN,Minnesota,-93.3488,43.67383
27049,Goodhue,Goodhue County,27,MN,Minnesota,-92.71729,44.40044
27051,Grant,Grant County,27,MN,Minnesota,-96.01217,45.93406
27053,Hennepin,Hennepin County,27,MN,Minnesota,-93.46414,45.03043
27055,Houston,Houston County,27,MN,Minnesota,-91.49288,43.67145
27057,Hubbard,Hubbard County,27,MN,Minnesota,-94.91665,47.10863
27059,Isanti,Isanti County,27,MN,Minnesota,-93.29514,45.56151
27061,Itasca,Itasca County,27,MN,Minnesota,-93.5312,47.55125
27063,Jackson,Jackson County,27,MN,Minnesota,-95.1541,43.67419
27065,Kanabec,Kanabec County,27,MN,Minnesota,-93.2934,45.94523
27067,Kandiyohi,Kandiyohi County,27,MN,Minnesota,-95.00471,45.15238
27069,Kittson,Kittson County,27,MN,Minnesota,-96.78286,48.77662
27071,Koochiching,Koochiching County,27,MN,Minnesota,-93.92691,48.20245
27073,Lac qui Parle,Lac qui Parle County,27,MN,Minnesota,-96.17351,44.99547
27075,Lake,Lake County,27,MN,Minnesota,-91.44579,47.64106
27077,Lake of the Woods,Lake of the Woods County,27,MN,Minnesota,-94.87677,48.65935
27079,Le Sueur,Le Sueur County,27,MN,Minnesota,-93.72824,44.38014
27081,Lincoln,Lincoln County,27,MN,Minnesota,-96.26712,44.41261
27083,Lyon,Lyon County,27,MN,Minnesota,-95.839,44.41352
27085,McLeod,McLeod County,27,MN,Minnesota,-94.28971,44.84623
27087,Mahnomen,Mahnomen County,27,MN,Minnesota,-95.80906,47.32526
27089,Marshall,Marshall County,27,MN,Minnesota,-96.3685,48.35811
27091,Martin,Martin County,27,MN,Minnesota,-94.55106,43.67436
27093,Meeker,Meeker County,27,MN,Minnesota,-94.53144,45.139
27095,Mille Lacs,Mille Lacs County,27,MN,Minnesota,-93.64272,46.05678
27097,Morrison,Morrison County,27,MN,Minnesota,-94.40502,45.98661
27099,Mower,Mower County,27,MN,Minnesota,-92.75248,43.67149
27101,Murray,Murray County,27,MN,Minnesota,-95.76328,44.02215
27103,Nicollet,Nicollet County,27,MN,Minnesota,-94.21882,44.33779
27105,Nobles,Nobles County,27,MN,Minnesota,-95.75337,43.67424
27107,Norman,Norman County,27,MN,Minnesota,-96.45529,47.32646
27109,Olmsted,Olmsted County,27,MN,Minnesota,-92.44318,44.00817
27111,Otter Tail,Otter Tail County,27,MN,Minnesota,-95.70802,46.40882
27113,Pennington,Pennington County,27,MN,Minnesota,-96.03668,48.06623
27115,Pine,Pine County,27,MN,Minnesota,-92.75352,46.14125
27117,Pipestone,Pipestone County,27,MN,Minnesota,-96.25865,44.02301
27119,Polk,Polk County,27,MN,Minnesota,-96.70617,47.81379
27121,Pope,Pope County,27,MN,Minnesota,-95.44451,45.58602
27123,Ramsey,Ramsey County,27,MN,Minnesota,-93.09957,45.01712
27125,Red Lake,Red Lake County,27,MN,Minnesota,-96.09534,47.87169
27127,Redwood,Redwood County,27,MN,Minnesota,-95.25384,44.40366
27129,Renville,Renville County,27,MN,Minnesota,-94.94638,44.71847
27131,Rice,Rice County,27,MN,Minnesota,-93.30086,44.33638
27133,Rock,Rock County,27,MN,Minnesota,-96.25319,43.67466
27135,Roseau,Roseau County,27,MN,Minnesota,-95.81083,48.77511
27137,St. Louis,St. Louis County,27,MN,Minnesota,-92.47071,47.60313
27139,Scott,Scott County,27,MN,Minnesota,-93.51031,44.66101
27141,Sherburne,Sherburne County,27,MN,Minnesota,-93.77384,45.44175
27143,Sibley,Sibley County,27,MN,Minnesota,-94.15218,44.57379
27145,Stearns,Stearns County,27,MN,Minnesota,-94.613,45.55212
27147,Steele,Steele County,27,MN,Minnesota,-93.22605,44.02234
27149,Stevens,Stevens County,27,MN,Minnesota,-96.00031,45.58613
27151,Swift,Swift County,27,MN,Minnesota,-95.68144,45.28271
27153,Todd,Todd County,27,MN,Minnesota,-94.8976,46.07062
27155,Traverse,Traverse County,27,MN,Minnesota,-96.44259,45.75806
27157,Wabasha,Wabasha County,27,MN,Minnesota,-92.22429,44.28981
27159,Wadena,Wadena County,27,MN,Minnesota,-94.96941,46.58576
27161,Waseca,Waseca County,27,MN,Minnesota,-93.58727,44.02211
27163,Washington,Washington County,27,MN,Minnesota,-92.87999,44.98746
27165,Watonwan,Watonwan County,27,MN,Minnesota,-94.61407,43.97844
27167,Wilkin,Wilkin County,27,MN,Minnesota,-96.44396,46.3792
27169,Winona,Winona County,27,MN,Minnesota,-91.83172,44.00212
27171,Wright,Wright County,27,MN,Minnesota,-93.96306,45.17395
27173,Yellow Medicine,Yellow Medicine County,27,MN,Minnesota,-95.74451,44.74909
28001,Adams,Adams County,28,MS,Mississippi,-91.32174,31.48394
28003,Alcorn,Alcorn County,28,MS,Mississippi,-88.58026,34.88081
28005,Amite,Amite County,28,MS,Mississippi,-90.80443,31.17442
28007,Attala,Attala County,28,MS,Mississippi,-89.58089,33.09097
28009,Benton,Benton County,28,MS,Mississippi,-89.19319,34.81751
28011,Bolivar,Bolivar County,28,MS,Mississippi,-90.83433,33.8048
28013,Calhoun,Calhoun County,28,MS,Mississippi,-89.33645,33.93646
28015,Carroll,Carroll County,28,MS,Mississippi,-89.92869,33.44779
28017,Chickasaw,Chickasaw County,28,MS,Mississippi,-88.95304,33.93587
28019,Choctaw,Choctaw County,28,MS,Mississippi,-89.22764,33.36786
28021,Claiborne,Claiborne County,28,MS,Mississippi,-90.90127,31.9614
28023,Clarke,Clarke County,28,MS,Mississippi,-88.68943,32.04138
28025,Clay,Clay County,28,MS,Mississippi,-88.82505,33.67084
28027,Coahoma,Coahoma County,28,MS,Mississippi,-90.59509,34.22127
28029,Copiah,Copiah County,28,MS,Mississippi,-90.44877,31.86926
28031,Covington,Covington County,28,MS,Mississippi,-89.54699,31.64578
28033,DeSoto,DeSoto County,28,MS,Mississippi,-89.99099,34.87213
28035,Forrest,Forrest County,28,MS,Mississippi,-89.25739,31.18803
28037,Franklin,Franklin County,28,MS,Mississippi,-90.8979,31.47717
28039,George,George County,28,MS,Mississippi,-88.64398,30.86257
28041,Greene,Greene County,28,MS,Mississippi,-88.63918,31.21422
28043,Grenada,Grenada County,28,MS,Mississippi,-89.80163,33.77172
28045,Hancock,Hancock County,28,MS,Mississippi,-89.48429,30.40792
28047,Harrison,Harrison County,28,MS,Mississippi,-89.11673,30.51418
28049,Hinds,Hinds County,28,MS,Mississippi,-90.44285,32.26669
28051,Holmes,Holmes County,28,MS,Mississippi,-90.09205,33.12353
28053,Humphreys,Humphreys County,28,MS,Mississippi,-90.53693,33.13275
28055,Issaquena,Issaquena County,28,MS,Mississippi,-91.03565,32.79481
28057,Itawamba,Itawamba County,28,MS,Mississippi,-88.3613,34.27999
28059,Jackson,Jackson County,28,MS,Mississippi,-88.63585,30.54518
28061,Jasper,Jasper County,28,MS,Mississippi,-89.11886,32.01913
28063,Jefferson,Jefferson County,28,MS,Mississippi,-91.03728,31.73425
28065,Jefferson Davis,Jefferson Davis County,28,MS,Mississippi,-89.84263,31.55763
28067,Jones,Jones County,28,MS,Mississippi,-89.16881,31.62255
28069,Kemper,Kemper County,28,MS,Mississippi,-88.64116,32.75458
28071,Lafayette,Lafayette County,28,MS,Mississippi,-89.48495,34.35676
28073,Lamar,Lamar County,28,MS,Mississippi,-89.50866,31.20601
28075,Lauderdale,Lauderdale County,28,MS,Mississippi,-88.66255,32.40428
28077,Lawrence,Lawrence County,28,MS,Mississippi,-90.10698,31.55019
28079,Leake,Leake County,28,MS,Mississippi,-89.52402,32.75352
28081,Lee,Lee County,28,MS,Mississippi,-88.68041,34.2899
28083,Leflore,Leflore County,28,MS,Mississippi,-90.30067,33.5498
28085,Lincoln,Lincoln County,28,MS,Mississippi,-90.45399,31.53239
28087,Lowndes,Lowndes County,28,MS,Mississippi,-88.41664,33.42713
28089,Madison,Madison County,28,MS,Mississippi,-89.91241,32.70513
28091,Marion,Marion County,28,MS,Mississippi,-89.82243,31.23085
28093,Marshall,Marshall County,28,MS,Mississippi,-89.50306,34.76227
28095,Monroe,Monroe County,28,MS,Mississippi,-88.48049,33.89226
28097,Montgomery,Montgomery County,28,MS,Mississippi,-89.63036,33.52475
28099,Neshoba,Neshoba County,28,MS,Mississippi,-89.11756,32.75349
28101,Newton,Newton County,28,MS,Mississippi,-89.11878,32.40024
28103,Noxubee,Noxubee County,28,MS,Mississippi,-88.56975,33.11016
28105,Oktibbeha,Oktibbeha County,28,MS,Mississippi,-88.87933,33.42496
28107,Panola,Panola County,28,MS,Mississippi,-89.95062,34.36388
28109,Pearl River,Pearl River County,28,MS,Mississippi,-89.60138,30.80003
28111,Perry,Perry County,28,MS,Mississippi,-88.99236,31.17202
28113,Pike,Pike County,28,MS,Mississippi,-90.40418,31.17485
28115,Pontotoc,Pontotoc County,28,MS,Mississippi,-89.03739,34.22544
28117,Prentiss,Prentiss County,28,MS,Mississippi,-88.51732,34.62808
28119,Quitman,Quitman County,28,MS,Mississippi,-90.2863,34.22865
28121,Rankin,Rankin County,28,MS,Mississippi,-89.94372,32.26204
28123,Scott,Scott County,28,MS,Mississippi,-89.53763,32.40639
28125,Sharkey,Sharkey County,28,MS,Mississippi,-90.80273,32.94488
28127,Simpson,Simpson County,28,MS,Mississippi,-89.9195,31.91316
28129,Smith,Smith County,28,MS,Mississippi,-89.50226,32.01692
28131,Stone,Stone County,28,MS,Mississippi,-89.11767,30.78997
28133,Sunflower,Sunflower County,28,MS,Mississippi,-90.58986,33.49636
28135,Tallahatchie,Tallahatchie County,28,MS,Mississippi,-90.17356,33.94623
28137,Tate,Tate County,28,MS,Mississippi,-89.89015,34.65236
28139,Tippah,Tippah County,28,MS,Mississippi,-88.91335,34.76411
28141,Tishomingo,Tishomingo County,28,MS,Mississippi,-88.22606,34.7861
28143,Tunica,Tunica County,28,MS,Mississippi,-90.3618,34.64726
28145,Union,Union County,28,MS,Mississippi,-89.00386,34.49048
28147,Walthall,Walthall County,28,MS,Mississippi,-90.13354,31.13881
28149,Warren,Warren County,28,MS,Mississippi,-90.75962,32.43377
28151,Washington,Washington County,28,MS,Mississippi,-90.90614,33.28975
28153,Wayne,Wayne County,28,MS,Mississippi,-88.69582,31.64079
28155,Webster,Webster County,28,MS,Mississippi,-89.32432,33.61251
28157,Wilkinson,Wilkinson County,28,MS,Mississippi,-91.31093,31.16108
28159,Winston,Winston County,28,MS,Mississippi,-89.01504,33.0815
28161,Yalobusha,Yalobusha County,28,MS,Mississippi,-89.70546,34.0257
28163,Yazoo,Yazoo County,28,MS,Mississippi,-90.39538,32.7767
29001,Adair,Adair County,29,MO,Missouri,-92.60071,40.19059
29003,Andrew,Andrew County,29,MO,Missouri,-94.80209,39.98354
29005,Atchison,Atchison County,29,MO,Missouri,-95.42809,40.43082
29007,Audrain,Audrain County,29,MO,Missouri,-91.84186,39.21271
29009,Barry,Barry County,29,MO,Missouri,-93.82906,36.70986
29011,Barton,Barton County,29,MO,Missouri,-94.34713,37.50232
29013,Bates,Bates County,29,MO,Missouri,-94.34002,38.25726
29015,Benton,Benton County,29,MO,Missouri,-93.28793,38.29485
29017,Bollinger,Bollinger County,29,MO,Missouri,-90.01487,37.32293
29019,Boone,Boone County,29,MO,Missouri,-92.31775,38.99389
29021,Buchanan,Buchanan County,29,MO,Missouri,-94.76978,39.65823
29023,Butler,Butler County,29,MO,Missouri,-90.40658,36.71641
29025,Caldwell,Caldwell County,29,MO,Missouri,-93.9827,39.65574
29027,Callaway,Callaway County,29,MO,Missouri,-91.926,38.83928
29029,Camden,Camden County,29,MO,Missouri,-92.76666,38.02954
29031,Cape Girardeau,Cape Girardeau County,29,MO,Missouri,-89.68445,37.38403
29033,Carroll,Carroll County,29,MO,Missouri,-93.50984,39.44803
29035,Carter,Carter County,29,MO,Missouri,-90.91716,36.93336
29037,Cass,Cass County,29,MO,Missouri,-94.35489,38.64699
29039,Cedar,Cedar County,29,MO,Missouri,-93.8711,37.71363
29041,Chariton,Chariton County,29,MO,Missouri,-92.96264,39.5151
29043,Christian,Christian County,29,MO,Missouri,-93.18955,36.96682
29045,Clark,Clark County,29,MO,Missouri,-91.73836,40.41034
29047,Clay,Clay County,29,MO,Missouri,-94.42112,39.31791
29049,Clinton,Clinton County,29,MO,Missouri,-94.40458,39.60178
29051,Cole,Cole County,29,MO,Missouri,-92.28343,38.50643
29053,Cooper,Cooper County,29,MO,Missouri,-92.81044,38.83663
29055,Crawford,Crawford County,29,MO,Missouri,-91.30395,37.97636
29057,Dade,Dade County,29,MO,Missouri,-93.85026,37.43206
29059,Dallas,Dallas County,29,MO,Missouri,-93.02367,37.68042
29061,Daviess,Daviess County,29,MO,Missouri,-93.98549,39.96076
29063,DeKalb,DeKalb County,29,MO,Missouri,-94.40471,39.89317
29065,Dent,Dent County,29,MO,Missouri,-91.50792,37.60663
29067,Douglas,Douglas County,29,MO,Missouri,-92.49879,36.93259
29069,Dunklin,Dunklin County,29,MO,Missouri,-90.08023,36.11857
29071,Franklin,Franklin County,29,MO,Missouri,-91.07995,38.39835
29073,Gasconade,Gasconade County,29,MO,Missouri,-91.50792,38.44088
29075,Gentry,Gentry County,29,MO,Missouri,-94.40988,40.21207
29077,Greene,Greene County,29,MO,Missouri,-93.34201,37.25804
29079,Grundy,Grundy County,29,MO,Missouri,-93.56535,40.11392
29081,Harrison,Harrison County,29,MO,Missouri,-93.99203,40.35467
29083,Henry,Henry County,29,MO,Missouri,-93.79275,38.38517
29085,Hickory,Hickory County,29,MO,Missouri,-93.32074,37.94081
29087,Holt,Holt County,29,MO,Missouri,-95.21279,40.0974
29089,Howard,Howard County,29,MO,Missouri,-92.69627,39.1425
29091,Howell,Howell County,29,MO,Missouri,-91.88652,36.77404
29093,Iron,Iron County,29,MO,Missouri,-90.65914,37.47579
29095,Jackson,Jackson County,29,MO,Missouri,-94.34576,39.00654
29097,Jasper,Jasper County,29,MO,Missouri,-94.34061,37.20356
29099,Jefferson,Jefferson County,29,MO,Missouri,-90.54661,38.25838
29101,Johnson,Johnson County,29,MO,Missouri,-93.80752,38.74333
29103,Knox,Knox County,29,MO,Missouri,-92.14806,40.12824
29105,Laclede,Laclede County,29,MO,Missouri,-92.59261,37.64615
29107,Lafayette,Lafayette County,29,MO,Missouri,-93.78518,39.06778
29109,Lawrence,Lawrence County,29,MO,Missouri,-93.83296,37.10638
29111,Lewis,Lewis County,29,MO,Missouri,-91.72211,40.09688
29113,Lincoln,Lincoln County,29,MO,Missouri,-90.96005,39.05802
29115,Linn,Linn County,29,MO,Missouri,-93.1072,39.87021
29117,Livingston,Livingston County,29,MO,Missouri,-93.54826,39.78212
29119,McDonald,McDonald County,29,MO,Missouri,-94.34834,36.62869
29121,Macon,Macon County,29,MO,Missouri,-92.5562,39.83852
29123,Madison,Madison County,29,MO,Missouri,-90.34503,37.47807
29125,Maries,Maries County,29,MO,Missouri,-91.97343,38.16436
29127,Marion,Marion County,29,MO,Missouri,-91.62244,39.80595
29129,Mercer,Mercer County,29,MO,Missouri,-93.56855,40.42233
29131,Miller,Miller County,29,MO,Missouri,-92.42908,38.19802
29133,Mississippi,Mississippi County,29,MO,Missouri,-89.30242,36.82739
29135,Moniteau,Moniteau County,29,MO,Missouri,-92.5649,38.5798
29137,Monroe,Monroe County,29,MO,Missouri,-92.00073,39.49545
29139,Montgomery,Montgomery County,29,MO,Missouri,-91.4864,38.96688
29141,Morgan,Morgan County,29,MO,Missouri,-92.88599,38.42372
29143,New Madrid,New Madrid County,29,MO,Missouri,-89.58258,36.69393
29145,Newton,Newton County,29,MO,Missouri,-94.33926,36.90551
29147,Nodaway,Nodaway County,29,MO,Missouri,-94.88344,40.36076
29149,Oregon,Oregon County,29,MO,Missouri,-91.40335,36.68664
29151,Osage,Osage County,29,MO,Missouri,-91.85345,38.45945
29153,Ozark,Ozark County,29,MO,Missouri,-92.44469,36.64931
29155,Pemiscot,Pemiscot County,29,MO,Missouri,-89.82805,36.19701
29157,Perry,Perry County,29,MO,Missouri,-89.82998,37.7269
29159,Pettis,Pettis County,29,MO,Missouri,-93.2851,38.72829
29161,Phelps,Phelps County,29,MO,Missouri,-91.79337,37.91411
29163,Pike,Pike County,29,MO,Missouri,-91.18539,39.37953
29165,Platte,Platte County,29,MO,Missouri,-94.75348,39.37886
29167,Polk,Polk County,29,MO,Missouri,-93.40053,37.6165
29169,Pulaski,Pulaski County,29,MO,Missouri,-92.20764,37.82458
29171,Putnam,Putnam County,29,MO,Missouri,-93.01645,40.4806
29173,Ralls,Ralls County,29,MO,Missouri,-91.54166,39.54958
29175,Randolph,Randolph County,29,MO,Missouri,-92.49708,39.44013
29177,Ray,Ray County,29,MO,Missouri,-93.98991,39.35456
29179,Reynolds,Reynolds County,29,MO,Missouri,-90.96909,37.36232
29181,Ripley,Ripley County,29,MO,Missouri,-90.86382,36.6528
29183,St. Charles,St. Charles County,29,MO,Missouri,-90.76608,38.76306
29185,St. Clair,St. Clair County,29,MO,Missouri,-93.77315,38.04602
29186,Ste. Genevieve,Ste. Genevieve County,29,MO,Missouri,-90.19443,37.89443
29187,St. Francois,St. Francois County,29,MO,Missouri,-90.50252,37.77116
29189,St. Louis,St. Louis County,29,MO,Missouri,-90.44041,38.63847
29195,Saline,Saline County,29,MO,Missouri,-93.196,39.13145
29197,Schuyler,Schuyler County,29,MO,Missouri,-92.52098,40.47027
29199,Scotland,Scotland County,29,MO,Missouri,-92.14707,40.45259
29201,Scott,Scott County,29,MO,Missouri,-89.56858,37.05302
29203,Shannon,Shannon County,29,MO,Missouri,-91.40962,37.16143
29205,Shelby,Shelby County,29,MO,Missouri,-92.0766,39.79775
29207,Stoddard,Stoddard County,29,MO,Missouri,-89.94433,36.85559
29209,Stone,Stone County,29,MO,Missouri,-93.45524,36.74662
29211,Sullivan,Sullivan County,29,MO,Missouri,-93.11149,40.2106
29213,Taney,Taney County,29,MO,Missouri,-93.04114,36.65476
29215,Texas,Texas County,29,MO,Missouri,-91.96505,37.31731
29217,Vernon,Vernon County,29,MO,Missouri,-94.34244,37.85058
29219,Warren,Warren County,29,MO,Missouri,-91.16163,38.7612
29221,Washington,Washington County,29,MO,Missouri,-90.87741,37.96168
29223,Wayne,Wayne County,29,MO,Missouri,-90.4614,37.11264
29225,Webster,Webster County,29,MO,Missouri,-92.87588,37.2809
29227,Worth,Worth County,29,MO,Missouri,-94.42208,40.47909
29229,Wright,Wright County,29,MO,Missouri,-92.46872,37.27016
29510,St. Louis,St. Louis city,29,MO,Missouri,-90.24509,38.63585
30001,Beaverhead,Beaverhead County,30,MT,Montana,-112.9003,45.13161
30003,Big Horn,Big Horn County,30,MT,Montana,-107.48998,45.44377
30005,Blaine,Blaine County,30,MT,Montana,-108.95862,48.43268
30007,Broadwater,Broadwater County,30,MT,Montana,-111.50582,46.34287
30009,Carbon,Carbon County,30,MT,Montana,-109.02725,45.25347
30011,Carter,Carter County,30,MT,Montana,-104.53615,45.51676
30013,Cascade,Cascade County,30,MT,Montana,-111.35856,47.33011
30015,Chouteau,Chouteau County,30,MT,Montana,-110.43253,47.87017
30017,Custer,Custer County,30,MT,Montana,-105.59187,46.20563
30019,Daniels,Daniels County,30,MT,Montana,-105.54853,48.78379
30021,Dawson,Dawson County,30,MT,Montana,-104.89949,47.26638
30023,Deer Lodge,Deer Lodge County,30,MT,Montana,-113.07499,46.06434
30025,Fallon,Fallon County,30,MT,Montana,-104.40178,46.36676
30027,Fergus,Fergus County,30,MT,Montana,-109.22446,47.26358
30029,Flathead,Flathead County,30,MT,Montana,-114.12819,48.44379
30031,Gallatin,Gallatin County,30,MT,Montana,-111.08848,45.7722
30033,Garfield,Garfield County,30,MT,Montana,-106.99288,47.27763
30035,Glacier,Glacier County,30,MT,Montana,-112.99486,48.69017
30037,Golden Valley,Golden Valley County,30,MT,Montana,-109.17515,46.38122
30039,Granite,Granite County,30,MT,Montana,-113.45633,46.42121
30041,Hill,Hill County,30,MT,Montana,-110.11119,48.62823
30043,Jefferson,Jefferson County,30,MT,Montana,-112.09381,46.14846
30045,Judith Basin,Judith Basin County,30,MT,Montana,-110.27415,47.02909
30047,Lake,Lake County,30,MT,Montana,-114.1359,47.68838
30049,Lewis and Clark,Lewis and Clark County,30,MT,Montana,-112.39061,47.12406
30051,Liberty,Liberty County,30,MT,Montana,-111.02457,48.56172
30053,Lincoln,Lincoln County,30,MT,Montana,-115.40507,48.54246
30055,McCone,McCone County,30,MT,Montana,-105.79563,47.6413
30057,Madison,Madison County,30,MT,Montana,-111.91366,45.30722
30059,Meagher,Meagher County,30,MT,Montana,-110.84518,46.58358
30061,Mineral,Mineral County,30,MT,Montana,-114.94736,47.13661
30063,Missoula,Missoula County,30,MT,Montana,-113.90626,46.90951
30065,Musselshell,Musselshell County,30,MT,Montana,-108.4256,46.49576
30067,Park,Park County,30,MT,Montana,-110.52622,45.44256
30069,Petroleum,Petroleum County,30,MT,Montana,-108.23492,47.07067
30071,Phillips,Phillips County,30,MT,Montana,-107.91325,48.25919
30073,Pondera,Pondera County,30,MT,Montana,-112.22662,48.29939
30075,Powder River,Powder River County,30,MT,Montana,-105.63019,45.39498
30077,Powell,Powell County,30,MT,Montana,-112.78993,46.58247
30079,Prairie,Prairie County,30,MT,Montana,-105.39506,46.81391
30081,Ravalli,Ravalli County,30,MT,Montana,-114.12075,46.08169
30083,Richland,Richland County,30,MT,Montana,-104.39944,47.79046
30085,Roosevelt,Roosevelt County,30,MT,Montana,-105.03816,48.32104
30087,Rosebud,Rosebud County,30,MT,Montana,-106.58508,46.29788
30089,Sanders,Sanders County,30,MT,Montana,-115.12811,47.68417
30091,Sheridan,Sheridan County,30,MT,Montana,-104.50467,48.72123
30093,Silver Bow,Silver Bow County,30,MT,Montana,-112.65674,45.9024
30095,Stillwater,Stillwater County,30,MT,Montana,-109.23072,45.80852
30097,Sweet Grass,Sweet Grass County,30,MT,Montana,-109.92567,45.84277
30099,Teton,Teton County,30,MT,Montana,-112.2409,47.8371
30101,Toole,Toole County,30,MT,Montana,-111.69105,48.66775
30103,Treasure,Treasure County,30,MT,Montana,-107.26464,46.21463
30105,Valley,Valley County,30,MT,Montana,-106.7056,48.4041
30107,Wheatland,Wheatland County,30,MT,Montana,-109.84486,46.4607
30109,Wibaux,Wibaux County,30,MT,Montana,-104.21161,46.88283
30111,Yellowstone,Yellowstone County,30,MT,Montana,-108.36685,45.83397
31001,Adams,Adams County,31,NE,Nebraska,-98.50121,40.52448
31003,Antelope,Antelope County,31,NE,Nebraska,-98.06668,42.17691
31005,Arthur,Arthur County,31,NE,Nebraska,-101.69582,41.56897
31007,Banner,Banner County,31,NE,Nebraska,-103.71055,41.54599
31009,Blaine,Blaine County,31,NE,Nebraska,-99.97674,41.91276
31011,Boone,Boone County,31,NE,Nebraska,-98.06725,41.70679
31013,Box Butte,Box Butte County,31,NE,Nebraska,-103.08568,42.21973
31015,Boyd,Boyd County,31,NE,Nebraska,-98.62178,42.90081
31017,Brown,Brown County,31,NE,Nebraska,-99.92951,42.43
31019,Buffalo,Buffalo County,31,NE,Nebraska,-99.07499,40.85515
31021,Burt,Burt County,31,NE,Nebraska,-96.32861,41.85153
31023,Butler,Butler County,31,NE,Nebraska,-97.13176,41.22608
31025,Cass,Cass County,31,NE,Nebraska,-96.08107,40.91005
31027,Cedar,Cedar County,31,NE,Nebraska,-97.25243,42.59926
31029,Chase,Chase County,31,NE,Nebraska,-101.69798,40.52418
31031,Cherry,Cherry County,31,NE,Nebraska,-101.1186,42.54499
31033,Cheyenne,Cheyenne County,31,NE,Nebraska,-102.99501,41.21975
31035,Clay,Clay County,31,NE,Nebraska,-98.05128,40.52443
31037,Colfax,Colfax County,31,NE,Nebraska,-97.08647,41.57402
31039,Cuming,Cuming County,31,NE,Nebraska,-96.78739,41.9164
31041,Custer,Custer County,31,NE,Nebraska,-99.72616,41.39427
31043,Dakota,Dakota County,31,NE,Nebraska,-96.56455,42.39115
31045,Dawes,Dawes County,31,NE,Nebraska,-103.1354,42.71972
31047,Dawson,Dawson County,31,NE,Nebraska,-99.81957,40.86994
31049,Deuel,Deuel County,31,NE,Nebraska,-102.33389,41.11157
31051,Dixon,Dixon County,31,NE,Nebraska,-96.86774,42.49314
31053,Dodge,Dodge County,31,NE,Nebraska,-96.65401,41.57791
31055,Douglas,Douglas County,31,NE,Nebraska,-96.15428,41.29534
31057,Dundy,Dundy County,31,NE,Nebraska,-101.68795,40.1762
31059,Fillmore,Fillmore County,31,NE,Nebraska,-97.5965,40.52465
31061,Franklin,Franklin County,31,NE,Nebraska,-98.9528,40.17633
31063,Frontier,Frontier County,31,NE,Nebraska,-100.39415,40.53009
31065,Furnas,Furnas County,31,NE,Nebraska,-99.91231,40.17644
31067,Gage,Gage County,31,NE,Nebraska,-96.68944,40.26189
31069,Garden,Garden County,31,NE,Nebraska,-102.3354,41.61938
31071,Garfield,Garfield County,31,NE,Nebraska,-98.9914,41.91436
31073,Gosper,Gosper County,31,NE,Nebraska,-99.82929,40.51456
31075,Grant,Grant County,31,NE,Nebraska,-101.74057,41.91499
31077,Greeley,Greeley County,31,NE,Nebraska,-98.52121,41.56744
31079,Hall,Hall County,31,NE,Nebraska,-98.50218,40.87259
31081,Hamilton,Hamilton County,31,NE,Nebraska,-98.02227,40.87229
31083,Harlan,Harlan County,31,NE,Nebraska,-99.40465,40.17649
31085,Hayes,Hayes County,31,NE,Nebraska,-101.06186,40.52477
31087,Hitchcock,Hitchcock County,31,NE,Nebraska,-101.04226,40.17634
31089,Holt,Holt County,31,NE,Nebraska,-98.78383,42.45571
31091,Hooker,Hooker County,31,NE,Nebraska,-101.1353,41.91605
31093,Howard,Howard County,31,NE,Nebraska,-98.51711,41.22005
31095,Jefferson,Jefferson County,31,NE,Nebraska,-97.14272,40.17573
31097,Johnson,Johnson County,31,NE,Nebraska,-96.26508,40.39263
31099,Kearney,Kearney County,31,NE,Nebraska,-98.94801,40.50671
31101,Keith,Keith County,31,NE,Nebraska,-101.66149,41.19885
31103,Keya Paha,Keya Paha County,31,NE,Nebraska,-99.71239,42.87385
31105,Kimball,Kimball County,31,NE,Nebraska,-103.71489,41.19775
31107,Knox,Knox County,31,NE,Nebraska,-97.83151,42.62266
31109,Lancaster,Lancaster County,31,NE,Nebraska,-96.68776,40.78417
31111,Lincoln,Lincoln County,31,NE,Nebraska,-100.7453,41.04774
31113,Logan,Logan County,31,NE,Nebraska,-100.48273,41.56657
31115,Loup,Loup County,31,NE,Nebraska,-99.45438,41.91384
31117,McPherson,McPherson County,31,NE,Nebraska,-101.06043,41.56816
31119,Madison,Madison County,31,NE,Nebraska,-97.60076,41.91669
31121,Merrick,Merrick County,31,NE,Nebraska,-98.11089,41.14398
31123,Morrill,Morrill County,31,NE,Nebraska,-103.01044,41.71598
31125,Nance,Nance County,31,NE,Nebraska,-97.9922,41.39733
31127,Nemaha,Nemaha County,31,NE,Nebraska,-95.84983,40.38765
31129,Nuckolls,Nuckolls County,31,NE,Nebraska,-98.04719,40.17639
31131,Otoe,Otoe County,31,NE,Nebraska,-96.13476,40.6485
31133,Pawnee,Pawnee County,31,NE,Nebraska,-96.23706,40.13146
31135,Perkins,Perkins County,31,NE,Nebraska,-101.64966,40.85095
31137,Phelps,Phelps County,31,NE,Nebraska,-99.41455,40.51111
31139,Pierce,Pierce County,31,NE,Nebraska,-97.6013,42.26436
31141,Platte,Platte County,31,NE,Nebraska,-97.52114,41.5713
31143,Polk,Polk County,31,NE,Nebraska,-97.5681,41.18597
31145,Red Willow,Red Willow County,31,NE,Nebraska,-100.47687,40.17582
31147,Richardson,Richardson County,31,NE,Nebraska,-95.71755,40.12504
31149,Rock,Rock County,31,NE,Nebraska,-99.44992,42.42131
31151,Saline,Saline County,31,NE,Nebraska,-97.14093,40.52406
31153,Sarpy,Sarpy County,31,NE,Nebraska,-96.1699,41.10687
31155,Saunders,Saunders County,31,NE,Nebraska,-96.63739,41.22637
31157,Scotts Bluff,Scotts Bluff County,31,NE,Nebraska,-103.70796,41.85056
31159,Seward,Seward County,31,NE,Nebraska,-97.13952,40.87238
31161,Sheridan,Sheridan County,31,NE,Nebraska,-102.40892,42.50475
31163,Sherman,Sherman County,31,NE,Nebraska,-98.97621,41.22058
31165,Sioux,Sioux County,31,NE,Nebraska,-103.75889,42.48769
31167,Stanton,Stanton County,31,NE,Nebraska,-97.19391,41.91694
31169,Thayer,Thayer County,31,NE,Nebraska,-97.59495,40.17624
31171,Thomas,Thomas County,31,NE,Nebraska,-100.55576,41.91367
31173,Thurston,Thurston County,31,NE,Nebraska,-96.49345,42.17325
31175,Valley,Valley County,31,NE,Nebraska,-98.98188,41.56732
31177,Washington,Washington County,31,NE,Nebraska,-96.22202,41.53106
31179,Wayne,Wayne County,31,NE,Nebraska,-97.12049,42.20887
31181,Webster,Webster County,31,NE,Nebraska,-98.49997,40.17644
31183,Wheeler,Wheeler County,31,NE,Nebraska,-98.52818,41.91477
31185,York,York County,31,NE,Nebraska,-97.59712,40.87274
32001,Churchill,Churchill County,32,NV,Nevada,-118.33577,39.5809
32003,Clark,Clark County,32,NV,Nevada,-115.21069,36.31695
32005,Douglas,Douglas County,32,NV,Nevada,-119.61499,38.91295
32007,Elko,Elko County,32,NV,Nevada,-115.32879,41.14381
32009,Esmeralda,Esmeralda County,32,NV,Nevada,-117.62481,37.79441
32011,Eureka,Eureka County,32,NV,Nevada,-116.24642,39.88504
32013,Humboldt,Humboldt County,32,NV,Nevada,-118.11201,41.40684
32015,Lander,Lander County,32,NV,Nevada,-117.03802,39.93368
32017,Lincoln,Lincoln County,32,NV,Nevada,-114.84634,37.49613
32019,Lyon,Lyon County,32,NV,Nevada,-119.12374,39.12067
32021,Mineral,Mineral County,32,NV,Nevada,-118.43493,38.53856
32023,Nye,Nye County,32,NV,Nevada,-116.5392,38.23553
32027,Pershing,Pershing County,32,NV,Nevada,-118.40442,40.44041
32029,Storey,Storey County,32,NV,Nevada,-119.52938,39.44701
32031,Washoe,Washoe County,32,NV,Nevada,-119.66434,40.66553
32033,White Pine,White Pine County,32,NV,Nevada,-114.90165,39.44209
32510,Carson City,Carson City,32,NV,Nevada,-119.73787,39.16725
33001,Belknap,Belknap County,33,NH,New Hampshire,-71.42142,43.51908
33003,Carroll,Carroll County,33,NH,New Hampshire,-71.18019,43.86589
33005,Cheshire,Cheshire County,33,NH,New Hampshire,-72.25121,42.91934
33007,Coos,Coos County,33,NH,New Hampshire,-71.30557,44.68959
33009,Grafton,Grafton County,33,NH,New Hampshire,-71.82077,43.94068
33011,Hillsborough,Hillsborough County,33,NH,New Hampshire,-71.73124,42.89701
33013,Merrimack,Merrimack County,33,NH,New Hampshire,-71.73064,43.31443
33015,Rockingham,Rockingham County,33,NH,New Hampshire,-71.17897,42.96919
33017,Strafford,Strafford County,33,NH,New Hampshire,-71.0482,43.28477
33019,Sullivan,Sullivan County,33,NH,New Hampshire,-72.23333,43.36349
34001,Atlantic,Atlantic County,34,NJ,New Jersey,-74.66306,39.47366
34003,Bergen,Bergen County,34,NJ,New Jersey,-74.04041,40.95458
34005,Burlington,Burlington County,34,NJ,New Jersey,-74.66137,39.88926
34007,Camden,Camden County,34,NJ,New Jersey,-74.97931,39.8025
34009,Cape May,Cape May County,34,NJ,New Jersey,-74.79381,39.17151
34011,Cumberland,Cumberland County,34,NJ,New Jersey,-75.11965,39.34557
34013,Essex,Essex County,34,NJ,New Jersey,-74.24704,40.78723
34015,Gloucester,Gloucester County,34,NJ,New Jersey,-75.17418,39.75387
34017,Hudson,Hudson County,34,NJ,New Jersey,-74.07456,40.73064
34019,Hunterdon,Hunterdon County,34,NJ,New Jersey,-74.91477,40.56791
34021,Mercer,Mercer County,34,NJ,New Jersey,-74.70177,40.28343
34023,Middlesex,Middlesex County,34,NJ,New Jersey,-74.39937,40.42046
34025,Monmouth,Monmouth County,34,NJ,New Jersey,-74.17803,40.28176
34027,Morris,Morris County,34,NJ,New Jersey,-74.52009,40.88341
34029,Ocean,Ocean County,34,NJ,New Jersey,-74.26637,39.89404
34031,Passaic,Passaic County,34,NJ,New Jersey,-74.32571,41.08662
34033,Salem,Salem County,34,NJ,New Jersey,-75.36858,39.5929
34035,Somerset,Somerset County,34,NJ,New Jersey,-74.62341,40.54629
34037,Sussex,Sussex County,34,NJ,New Jersey,-74.69084,41.13927
34039,Union,Union County,34,NJ,New Jersey,-74.30881,40.66036
34041,Warren,Warren County,34,NJ,New Jersey,-74.94396,40.88476
35001,Bernalillo,Bernalillo County,35,NM,New Mexico,-106.71746,35.05971
35003,Catron,Catron County,35,NM,New Mexico,-108.40459,33.9152
35005,Chaves,Chaves County,35,NM,New Mexico,-104.42108,33.42984
35006,Cibola,Cibola County,35,NM,New Mexico,-107.99978,34.91248
35007,Colfax,Colfax County,35,NM,New Mexico,-104.64684,36.60614
35009,Curry,Curry County,35,NM,New Mexico,-103.32113,34.5528
35011,De Baca,De Baca County,35,NM,New Mexico,-104.41031,34.33
35013,Doña Ana,Doña Ana County,35,NM,New Mexico,-106.83278,32.35265
35015,Eddy,Eddy County,35,NM,New Mexico,-104.30439,32.47141
35017,Grant,Grant County,35,NM,New Mexico,-108.38279,32.80207
35019,Guadalupe,Guadalupe County,35,NM,New Mexico,-104.79102,34.88618
35021,Harding,Harding County,35,NM,New Mexico,-103.7017,35.83655
35023,Hidalgo,Hidalgo County,35,NM,New Mexico,-108.77029,31.7332
35025,Lea,Lea County,35,NM,New Mexico,-103.41248,32.79209
35027,Lincoln,Lincoln County,35,NM,New Mexico,-105.45929,33.7453
35028,Los Alamos,Los Alamos County,35,NM,New Mexico,-106.33051,35.87975
35029,Luna,Luna County,35,NM,New Mexico,-107.74985,32.18225
35031,McKinley,McKinley County,35,NM,New Mexico,-108.26315,35.64585
35033,Mora,Mora County,35,NM,New Mexico,-104.94494,36.01053
35035,Otero,Otero County,35,NM,New Mexico,-105.8142,32.61321
35037,Quay,Quay County,35,NM,New Mexico,-103.66171,34.98037
35039,Rio Arriba,Rio Arriba County,35,NM,New Mexico,-106.60493,36.55342
35041,Roosevelt,Roosevelt County,35,NM,New Mexico,-103.47512,34.00168
35043,Sandoval,Sandoval County,35,NM,New Mexico,-106.86787,35.64673
35045,San Juan,San Juan County,35,NM,New Mexico,-108.32062,36.50852
35047,San Miguel,San Miguel County,35,NM,New Mexico,-105.21109,35.51545
35049,Santa Fe,Santa Fe County,35,NM,New Mexico,-105.97626,35.50691
35051,Sierra,Sierra County,35,NM,New Mexico,-107.19241,33.13049
35053,Socorro,Socorro County,35,NM,New Mexico,-106.93025,34.00717
35055,Taos,Taos County,35,NM,New Mexico,-105.64556,36.58035
35057,Torrance,Torrance County,35,NM,New Mexico,-105.85082,34.64047
35059,Union,Union County,35,NM,New Mexico,-103.46995,36.49665
35061,Valencia,Valencia County,35,NM,New Mexico,-106.73597,34.70119
36001,Albany,Albany County,36,NY,New York,-73.97355,42.60018
36003,Allegany,Allegany County,36,NY,New York,-78.02759,42.2574
36005,Bronx,Bronx County,36,NY,New York,-73.86656,40.85004
36007,Broome,Broome County,36,NY,New York,-75.90369,42.13078
36009,Cattaraugus,Cattaraugus County,36,NY,New York,-78.68028,42.24541
36011,Cayuga,Cayuga County,36,NY,New York,-76.58955,42.9145
36013,Chautauqua,Chautauqua County,36,NY,New York,-79.36255,42.21969
36015,Chemung,Chemung County,36,NY,New York,-76.77238,42.12836
36017,Chenango,Chenango County,36,NY,New York,-75.61407,42.49407
36019,Clinton,Clinton County,36,NY,New York,-73.67816,44.74618
36021,Columbia,Columbia County,36,NY,New York,-73.6318,42.25008
36023,Cortland,Cortland County,36,NY,New York,-76.07028,42.59501
36025,Delaware,Delaware County,36,NY,New York,-74.96647,42.19806
36027,Dutchess,Dutchess County,36,NY,New York,-73.74285,41.76516
36029,Erie,Erie County,36,NY,New York,-78.67491,42.75728
36031,Essex,Essex County,36,NY,New York,-73.7726,44.11719
36033,Franklin,Franklin County,36,NY,New York,-74.31353,44.62446
36035,Fulton,Fulton County,36,NY,New York,-74.42216,43.11384
36037,Genesee,Genesee County,36,NY,New York,-78.19374,43.00093
36039,Greene,Greene County,36,NY,New York,-74.12272,42.27651
36041,Hamilton,Hamilton County,36,NY,New York,-74.49738,43.66113
36043,Herkimer,Herkimer County,36,NY,New York,-74.9377,43.12283
36045,Jefferson,Jefferson County,36,NY,New York,-75.87283,44.10207
36047,Kings,Kings County,36,NY,New York,-73.93875,40.63897
36049,Lewis,Lewis County,36,NY,New York,-75.43794,43.76189
36051,Livingston,Livingston County,36,NY,New York,-77.77549,42.72806
36053,Madison,Madison County,36,NY,New York,-75.70224,42.9107
36055,Monroe,Monroe County,36,NY,New York,-77.69594,43.14173
36057,Montgomery,Montgomery County,36,NY,New York,-74.44084,42.8903
36059,Nassau,Nassau County,36,NY,New York,-73.58017,40.7296
36061,New York,New York County,36,NY,New York,-73.9666,40.77948
36063,Niagara,Niagara County,36,NY,New York,-78.74747,43.20528
36065,Oneida,Oneida County,36,NY,New York,-75.43165,43.23129
36067,Onondaga,Onondaga County,36,NY,New York,-76.19465,43.00581
36069,Ontario,Ontario County,36,NY,New York,-77.29952,42.88727
36071,Orange,Orange County,36,NY,New York,-74.3056,41.40218
36073,Orleans,Orleans County,36,NY,New York,-78.23121,43.25208
36075,Oswego,Oswego County,36,NY,New York,-76.09339,43.41532
36077,Otsego,Otsego County,36,NY,New York,-75.03531,42.64885
36079,Putnam,Putnam County,36,NY,New York,-73.74948,41.42673
36081,Queens,Queens County,36,NY,New York,-73.80659,40.709
36083,Rensselaer,Rensselaer County,36,NY,New York,-73.50821,42.71042
36085,Richmond,Richmond County,36,NY,New York,-74.15238,40.58073
36087,Rockland,Rockland County,36,NY,New York,-74.02423,41.15254
36089,St. Lawrence,St. Lawrence County,36,NY,New York,-75.06908,44.49641
36091,Saratoga,Saratoga County,36,NY,New York,-73.86611,43.08853
36093,Schenectady,Schenectady County,36,NY,New York,-74.05632,42.82388
36095,Schoharie,Schoharie County,36,NY,New York,-74.44211,42.58822
36097,Schuyler,Schuyler County,36,NY,New York,-76.82079,42.39264
36099,Seneca,Seneca County,36,NY,New York,-76.84727,42.80493
36101,Steuben,Steuben County,36,NY,New York,-77.38379,42.26781
36103,Suffolk,Suffolk County,36,NY,New York,-72.96936,40.83533
36105,Sullivan,Sullivan County,36,NY,New York,-74.78658,41.7114
36107,Tioga,Tioga County,36,NY,New York,-76.30655,42.16237
36109,Tompkins,Tompkins County,36,NY,New York,-76.47364,42.45203
36111,Ulster,Ulster County,36,NY,New York,-74.23863,41.89075
36113,Warren,Warren County,36,NY,New York,-73.84536,43.56609
36115,Washington,Washington County,36,NY,New York,-73.42801,43.31302
36117,Wayne,Wayne County,36,NY,New York,-77.02866,43.14649
36119,Westchester,Westchester County,36,NY,New York,-73.77748,41.20347
36121,Wyoming,Wyoming County,36,NY,New York,-78.22446,42.70236
36123,Yates,Yates County,36,NY,New York,-77.05341,42.64863
37001,Alamance,Alamance County,37,NC,North Carolina,-79.39944,36.04372
37003,Alexander,Alexander County,37,NC,North Carolina,-81.17702,35.92103
37005,Alleghany,Alleghany County,37,NC,North Carolina,-81.13672,36.49921
37007,Anson,Anson County,37,NC,North Carolina,-80.10402,34.97099
37009,Ashe,Ashe County,37,NC,North Carolina,-81.50035,36.43407
37011,Avery,Avery County,37,NC,North Carolina,-81.92558,36.08713
37013,Beaufort,Beaufort County,37,NC,North Carolina,-76.83874,35.5736
37015,Bertie,Bertie County,37,NC,North Carolina,-76.97151,36.07907
37017,Bladen,Bladen County,37,NC,North Carolina,-78.56405,34.6197
37019,Brunswick,Brunswick County,37,NC,North Carolina,-78.17194,34.0768
37021,Buncombe,Buncombe County,37,NC,North Carolina,-82.53011,35.61118
37023,Burke,Burke County,37,NC,North Carolina,-81.71127,35.74321
37025,Cabarrus,Cabarrus County,37,NC,North Carolina,-80.5523,35.37884
37027,Caldwell,Caldwell County,37,NC,North Carolina,-81.54641,35.95303
37029,Camden,Camden County,37,NC,North Carolina,-76.26593,36.44257
37031,Carteret,Carteret County,37,NC,North Carolina,-76.56733,34.87964
37033,Caswell,Caswell County,37,NC,North Carolina,-79.33353,36.39317
37035,Catawba,Catawba County,37,NC,North Carolina,-81.21541,35.6719
37037,Chatham,Chatham County,37,NC,North Carolina,-79.29312,35.70227
37039,Cherokee,Cherokee County,37,NC,North Carolina,-84.06398,35.13359
37041,Chowan,Chowan County,37,NC,North Carolina,-76.64092,36.14884
37043,Clay,Clay County,37,NC,North Carolina,-83.75026,35.06137
37045,Cleveland,Cleveland County,37,NC,North Carolina,-81.55555,35.33408
37047,Columbus,Columbus County,37,NC,North Carolina,-78.67627,34.27048
37049,Craven,Craven County,37,NC,North Carolina,-77.16858,35.21508
37051,Cumberland,Cumberland County,37,NC,North Carolina,-78.82853,35.04907
37053,Currituck,Currituck County,37,NC,North Carolina,-76.0743,36.4221
37055,Dare,Dare County,37,NC,North Carolina,-75.54326,35.25044
37057,Davidson,Davidson County,37,NC,North Carolina,-80.20663,35.79661
37059,Davie,Davie County,37,NC,North Carolina,-80.54449,35.92909
37061,Duplin,Duplin County,37,NC,North Carolina,-77.93301,34.93654
37063,Durham,Durham County,37,NC,North Carolina,-78.88562,36.02813
37065,Edgecombe,Edgecombe County,37,NC,North Carolina,-77.59825,35.91139
37067,Forsyth,Forsyth County,37,NC,North Carolina,-80.25803,36.13689
37069,Franklin,Franklin County,37,NC,North Carolina,-78.2857,36.08275
37071,Gaston,Gaston County,37,NC,North Carolina,-81.18027,35.29436
37073,Gates,Gates County,37,NC,North Carolina,-76.70047,36.44491
37075,Graham,Graham County,37,NC,North Carolina,-83.83574,35.35195
37077,Granville,Granville County,37,NC,North Carolina,-78.65273,36.30405
37079,Greene,Greene County,37,NC,North Carolina,-77.67702,35.48433
37081,Guilford,Guilford County,37,NC,North Carolina,-79.7889,36.07948
37083,Halifax,Halifax County,37,NC,North Carolina,-77.72642,36.30063
37085,Harnett,Harnett County,37,NC,North Carolina,-78.87576,35.38855
37087,Haywood,Haywood County,37,NC,North Carolina,-82.98219,35.55604
37089,Henderson,Henderson County,37,NC,North Carolina,-82.47251,35.32336
37091,Hertford,Hertford County,37,NC,North Carolina,-77.02008,36.34245
37093,Hoke,Hoke County,37,NC,North Carolina,-79.23727,35.01754
37095,Hyde,Hyde County,37,NC,North Carolina,-76.26045,35.48974
37097,Iredell,Iredell County,37,NC,North Carolina,-80.87517,35.8065
37099,Jackson,Jackson County,37,NC,North Carolina,-83.12148,35.297
37101,Johnston,Johnston County,37,NC,North Carolina,-78.36571,35.51784
37103,Jones,Jones County,37,NC,North Carolina,-77.36076,35.04341
37105,Lee,Lee County,37,NC,North Carolina,-79.1682,35.46811
37107,Lenoir,Lenoir County,37,NC,North Carolina,-77.64587,35.23175
37109,Lincoln,Lincoln County,37,NC,North Carolina,-81.22351,35.48559
37111,McDowell,McDowell County,37,NC,North Carolina,-82.04932,35.6817
37113,Macon,Macon County,37,NC,North Carolina,-83.42218,35.15051
37115,Madison,Madison County,37,NC,North Carolina,-82.70577,35.85801
37117,Martin,Martin County,37,NC,North Carolina,-77.12765,35.83755
37119,Mecklenburg,Mecklenburg County,37,NC,North Carolina,-80.83275,35.24467
37121,Mitchell,Mitchell County,37,NC,North Carolina,-82.13139,36.01906
37123,Montgomery,Montgomery County,37,NC,North Carolina,-79.90548,35.33247
37125,Moore,Moore County,37,NC,North Carolina,-79.48137,35.31064
37127,Nash,Nash County,37,NC,North Carolina,-77.98642,35.96726
37129,New Hanover,New Hanover County,37,NC,North Carolina,-77.87186,34.24939
37131,Northampton,Northampton County,37,NC,North Carolina,-77.33941,36.41108
37133,Onslow,Onslow County,37,NC,North Carolina,-77.43251,34.731
37135,Orange,Orange County,37,NC,North Carolina,-79.12066,36.06111
37137,Pamlico,Pamlico County,37,NC,North Carolina,-76.74171,35.11916
37139,Pasquotank,Pasquotank County,37,NC,North Carolina,-76.28399,36.2979
37141,Pender,Pender County,37,NC,North Carolina,-77.90485,34.53397
37143,Perquimans,Perquimans County,37,NC,North Carolina,-76.47067,36.26655
37145,Person,Person County,37,NC,North Carolina,-78.9718,36.39002
37147,Pitt,Pitt County,37,NC,North Carolina,-77.3656,35.60025
37149,Polk,Polk County,37,NC,North Carolina,-82.16994,35.28506
37151,Randolph,Randolph County,37,NC,North Carolina,-79.80601,35.71034
37153,Richmond,Richmond County,37,NC,North Carolina,-79.73287,35.01068
37155,Robeson,Robeson County,37,NC,North Carolina,-79.10392,34.64021
37157,Rockingham,Rockingham County,37,NC,North Carolina,-79.775,36.39602
37159,Rowan,Rowan County,37,NC,North Carolina,-80.55254,35.63961
37161,Rutherford,Rutherford County,37,NC,North Carolina,-81.90407,35.38952
37163,Sampson,Sampson County,37,NC,North Carolina,-78.36378,34.99981
37165,Scotland,Scotland County,37,NC,North Carolina,-79.47611,34.83656
37167,Stanly,Stanly County,37,NC,North Carolina,-80.2507,35.33828
37169,Stokes,Stokes County,37,NC,North Carolina,-80.23966,36.4019
37171,Surry,Surry County,37,NC,North Carolina,-80.68798,36.4146
37173,Swain,Swain County,37,NC,North Carolina,-83.48715,35.46152
37175,Transylvania,Transylvania County,37,NC,North Carolina,-82.79821,35.20214
37177,Tyrrell,Tyrrell County,37,NC,North Carolina,-76.21063,35.8216
37179,Union,Union County,37,NC,North Carolina,-80.53072,34.98841
37181,Vance,Vance County,37,NC,North Carolina,-78.40793,36.36489
37183,Wake,Wake County,37,NC,North Carolina,-78.65028,35.79033
37185,Warren,Warren County,37,NC,North Carolina,-78.10668,36.39652
37187,Washington,Washington County,37,NC,North Carolina,-76.57748,35.82259
37189,Watauga,Watauga County,37,NC,North Carolina,-81.69644,36.2311
37191,Wayne,Wayne County,37,NC,North Carolina,-78.00027,35.3638
37193,Wilkes,Wilkes County,37,NC,North Carolina,-81.16295,36.20618
37195,Wilson,Wilson County,37,NC,North Carolina,-77.91865,35.70515
37197,Yadkin,Yadkin County,37,NC,North Carolina,-80.66302,36.15407
37199,Yancey,Yancey County,37,NC,North Carolina,-82.30763,35.89894
38001,Adams,Adams County,38,ND,North Dakota,-102.6029,46.09729
38003,Barnes,Barnes County,38,ND,North Dakota,-98.07155,46.9361
38005,Benson,Benson County,38,ND,North Dakota,-99.4239,48.08223
38007,Billings,Billings County,38,ND,North Dakota,-103.42028,47.0526
38009,Bottineau,Bottineau County,38,ND,North Dakota,-101.17604,48.79722
38011,Bowman,Bowman County,38,ND,North Dakota,-103.52064,46.1126
38013,Burke,Burke County,38,ND,North Dakota,-102.5182,48.79102
38015,Burleigh,Burleigh County,38,ND,North Dakota,-100.46873,46.97745
38017,Cass,Cass County,38,ND,North Dakota,-97.24803,46.93298
38019,Cavalier,Cavalier County,38,ND,North Dakota,-98.46482,48.77234
38021,Dickey,Dickey County,38,ND,North Dakota,-98.50473,46.11019
38023,Divide,Divide County,38,ND,North Dakota,-103.4872,48.81491
38025,Dunn,Dunn County,38,ND,North Dakota,-102.61822,47.35678
38027,Eddy,Eddy County,38,ND,North Dakota,-98.90165,47.7176
38029,Emmons,Emmons County,38,ND,North Dakota,-100.23874,46.28508
38031,Foster,Foster County,38,ND,North Dakota,-98.88299,47.45708
38033,Golden Valley,Golden Valley County,38,ND,North Dakota,-103.8529,46.92847
38035,Grand Forks,Grand Forks County,38,ND,North Dakota,-97.45694,47.92192
38037,Grant,Grant County,38,ND,North Dakota,-101.63968,46.3583
38039,Griggs,Griggs County,38,ND,North Dakota,-98.23697,47.45727
38041,Hettinger,Hettinger County,38,ND,North Dakota,-102.38735,46.43905
38043,Kidder,Kidder County,38,ND,North Dakota,-99.78007,46.98009
38045,LaMoure,LaMoure County,38,ND,North Dakota,-98.53547,46.45691
38047,Logan,Logan County,38,ND,North Dakota,-99.47739,46.45734
38049,McHenry,McHenry County,38,ND,North Dakota,-100.6363,48.23456
38051,McIntosh,McIntosh County,38,ND,North Dakota,-99.44122,46.11183
38053,McKenzie,McKenzie County,38,ND,North Dakota,-103.41662,47.69522
38055,McLean,McLean County,38,ND,North Dakota,-101.12041,47.58988
38057,Mercer,Mercer County,38,ND,North Dakota,-101.91951,47.32889
38059,Morton,Morton County,38,ND,North Dakota,-101.11364,46.75572
38061,Mountrail,Mountrail County,38,ND,North Dakota,-102.33609,48.2213
38063,Nelson,Nelson County,38,ND,North Dakota,-98.19202,47.92167
38065,Oliver,Oliver County,38,ND,North Dakota,-101.3397,47.11194
38067,Pembina,Pembina County,38,ND,North Dakota,-97.55182,48.7675
38069,Pierce,Pierce County,38,ND,North Dakota,-100.0233,48.24904
38071,Ramsey,Ramsey County,38,ND,North Dakota,-98.71503,48.27666
38073,Ransom,Ransom County,38,ND,North Dakota,-97.65742,46.45615
38075,Renville,Renville County,38,ND,North Dakota,-101.66372,48.71872
38077,Richland,Richland County,38,ND,North Dakota,-96.94828,46.26459
38079,Rolette,Rolette County,38,ND,North Dakota,-99.84095,48.77245
38081,Sargent,Sargent County,38,ND,North Dakota,-97.63059,46.10782
38083,Sheridan,Sheridan County,38,ND,North Dakota,-100.3456,47.57546
38085,Sioux,Sioux County,38,ND,North Dakota,-100.89611,46.13584
38087,Slope,Slope County,38,ND,North Dakota,-103.45989,46.44724
38089,Stark,Stark County,38,ND,North Dakota,-102.65509,46.81066
38091,Steele,Steele County,38,ND,North Dakota,-97.72462,47.45615
38093,Stutsman,Stutsman County,38,ND,North Dakota,-98.95884,46.97926
38095,Towner,Towner County,38,ND,North Dakota,-99.24574,48.68554
38097,Traill,Traill County,38,ND,North Dakota,-97.16159,47.45419
38099,Walsh,Walsh County,38,ND,North Dakota,-97.72129,48.36946
38101,Ward,Ward County,38,ND,North Dakota,-101.54179,48.183
38103,Wells,Wells County,38,ND,North Dakota,-99.66096,47.58752
38105,Williams,Williams County,38,ND,North Dakota,-103.47036,48.36046
39001,Adams,Adams County,39,OH,Ohio,-83.47096,38.85545
39003,Allen,Allen County,39,OH,Ohio,-84.04611,40.76204
39005,Ashland,Ashland County,39,OH,Ohio,-82.26649,40.84893
39007,Ashtabula,Ashtabula County,39,OH,Ohio,-80.74834,41.70737
39009,Athens,Athens County,39,OH,Ohio,-82.0452,39.33388
39011,Auglaize,Auglaize County,39,OH,Ohio,-84.26545,40.57488
39013,Belmont,Belmont County,39,OH,Ohio,-80.98848,40.01583
39015,Brown,Brown County,39,OH,Ohio,-83.86944,38.90073
39017,Butler,Butler County,39,OH,Ohio,-84.57556,39.43864
39019,Carroll,Carroll County,39,OH,Ohio,-81.08972,40.57958
39021,Champaign,Champaign County,39,OH,Ohio,-83.76953,40.13771
39023,Clark,Clark County,39,OH,Ohio,-83.77228,39.91616
39025,Clermont,Clermont County,39,OH,Ohio,-84.15169,39.04757
39027,Clinton,Clinton County,39,OH,Ohio,-83.8084,39.41494
39029,Columbiana,Columbiana County,39,OH,Ohio,-80.77877,40.76301
39031,Coshocton,Coshocton County,39,OH,Ohio,-81.92003,40.30167
39033,Crawford,Crawford County,39,OH,Ohio,-82.91978,40.85077
39035,Cuyahoga,Cuyahoga County,39,OH,Ohio,-81.69224,41.39553
39037,Darke,Darke County,39,OH,Ohio,-84.61941,40.13326
39039,Defiance,Defiance County,39,OH,Ohio,-84.39352,41.32873
39041,Delaware,Delaware County,39,OH,Ohio,-83.01352,40.26767
39043,Erie,Erie County,39,OH,Ohio,-82.67104,41.36277
39045,Fairfield,Fairfield County,39,OH,Ohio,-82.63291,39.75479
39047,Fayette,Fayette County,39,OH,Ohio,-83.44296,39.5598
39049,Franklin,Franklin County,39,OH,Ohio,-83.00929,39.96954
39051,Fulton,Fulton County,39,OH,Ohio,-84.13009,41.60181
39053,Gallia,Gallia County,39,OH,Ohio,-82.33194,38.82929
39055,Geauga,Geauga County,39,OH,Ohio,-81.17863,41.49955
39057,Greene,Greene County,39,OH,Ohio,-83.88986,39.69149
39059,Guernsey,Guernsey County,39,OH,Ohio,-81.49789,40.06122
39061,Hamilton,Hamilton County,39,OH,Ohio,-84.54322,39.20065
39063,Hancock,Hancock County,39,OH,Ohio,-83.66654,41.00192
39065,Hardin,Hardin County,39,OH,Ohio,-83.65948,40.66155
39067,Harrison,Harrison County,39,OH,Ohio,-81.09112,40.29383
39069,Henry,Henry County,39,OH,Ohio,-84.06823,41.33388
39071,Highland,Highland County,39,OH,Ohio,-83.60098,39.18472
39073,Hocking,Hocking County,39,OH,Ohio,-82.47924,39.49706
39075,Holmes,Holmes County,39,OH,Ohio,-81.92931,40.56124
39077,Huron,Huron County,39,OH,Ohio,-82.59803,41.14627
39079,Jackson,Jackson County,39,OH,Ohio,-82.61838,39.01965
39081,Jefferson,Jefferson County,39,OH,Ohio,-80.7523,40.38463
39083,Knox,Knox County,39,OH,Ohio,-82.42151,40.39877
39085,Lake,Lake County,39,OH,Ohio,-81.20967,41.70542
39087,Lawrence,Lawrence County,39,OH,Ohio,-82.54586,38.5874
39089,Licking,Licking County,39,OH,Ohio,-82.4831,40.09161
39091,Logan,Logan County,39,OH,Ohio,-83.76583,40.38848
39093,Lorain,Lorain County,39,OH,Ohio,-82.15806,41.30655
39095,Lucas,Lucas County,39,OH,Ohio,-83.73443,41.62756
39097,Madison,Madison County,39,OH,Ohio,-83.40018,39.89404
39099,Mahoning,Mahoning County,39,OH,Ohio,-80.77122,41.02208
39101,Marion,Marion County,39,OH,Ohio,-83.15519,40.58203
39103,Medina,Medina County,39,OH,Ohio,-81.87287,41.1184
39105,Meigs,Meigs County,39,OH,Ohio,-82.07677,39.10388
39107,Mercer,Mercer County,39,OH,Ohio,-84.62937,40.53995
39109,Miami,Miami County,39,OH,Ohio,-84.22887,40.0535
39111,Monroe,Monroe County,39,OH,Ohio,-81.08293,39.72736
39113,Montgomery,Montgomery County,39,OH,Ohio,-84.29067,39.75467
39115,Morgan,Morgan County,39,OH,Ohio,-81.85266,39.62036
39117,Morrow,Morrow County,39,OH,Ohio,-82.79408,40.52408
39119,Muskingum,Muskingum County,39,OH,Ohio,-81.94438,39.96543
39121,Noble,Noble County,39,OH,Ohio,-81.45558,39.76594
39123,Ottawa,Ottawa County,39,OH,Ohio,-83.14971,41.53552
39125,Paulding,Paulding County,39,OH,Ohio,-84.58021,41.11662
39127,Perry,Perry County,39,OH,Ohio,-82.24087,39.73198
39129,Pickaway,Pickaway County,39,OH,Ohio,-83.02438,39.64193
39131,Pike,Pike County,39,OH,Ohio,-83.06677,39.07732
39133,Portage,Portage County,39,OH,Ohio,-81.1974,41.16767
39135,Preble,Preble County,39,OH,Ohio,-84.64798,39.74153
39137,Putnam,Putnam County,39,OH,Ohio,-84.13286,41.03272
39139,Richland,Richland County,39,OH,Ohio,-82.55383,40.82064
39141,Ross,Ross County,39,OH,Ohio,-83.05702,39.33759
39143,Sandusky,Sandusky County,39,OH,Ohio,-83.1464,41.35619
39145,Scioto,Scioto County,39,OH,Ohio,-83.09077,38.83387
39147,Seneca,Seneca County,39,OH,Ohio,-83.12769,41.12388
39149,Shelby,Shelby County,39,OH,Ohio,-84.20476,40.33155
39151,Stark,Stark County,39,OH,Ohio,-81.35771,40.79896
39153,Summit,Summit County,39,OH,Ohio,-81.53217,41.12598
39155,Trumbull,Trumbull County,39,OH,Ohio,-80.76113,41.31718
39157,Tuscarawas,Tuscarawas County,39,OH,Ohio,-81.47172,40.44147
39159,Union,Union County,39,OH,Ohio,-83.38015,40.30003
39161,Van Wert,Van Wert County,39,OH,Ohio,-84.58612,40.85541
39163,Vinton,Vinton County,39,OH,Ohio,-82.46297,39.26817
39165,Warren,Warren County,39,OH,Ohio,-84.16677,39.4277
39167,Washington,Washington County,39,OH,Ohio,-81.55013,39.47678
39169,Wayne,Wayne County,39,OH,Ohio,-81.88801,40.82887
39171,Williams,Williams County,39,OH,Ohio,-84.58816,41.56031
39173,Wood,Wood County,39,OH,Ohio,-83.61882,41.35671
39175,Wyandot,Wyandot County,39,OH,Ohio,-83.30438,40.84237
40001,Adair,Adair County,40,OK,Oklahoma,-94.65873,35.88394
40003,Alfalfa,Alfalfa County,40,OK,Oklahoma,-98.32399,36.73105
40005,Atoka,Atoka County,40,OK,Oklahoma,-95.98862,34.3503
40007,Beaver,Beaver County,40,OK,Oklahoma,-100.47679,36.74965
40009,Beckham,Beckham County,40,OK,Oklahoma,-99.68197,35.26872
40011,Blaine,Blaine County,40,OK,Oklahoma,-98.43343,35.87519
40013,Bryan,Bryan County,40,OK,Oklahoma,-96.26574,33.96863
40015,Caddo,Caddo County,40,OK,Oklahoma,-98.37989,35.15229
40017,Canadian,Canadian County,40,OK,Oklahoma,-97.98236,35.54242
40019,Carter,Carter County,40,OK,Oklahoma,-97.28236,34.23481
40021,Cherokee,Cherokee County,40,OK,Oklahoma,-94.99267,35.91283
40023,Choctaw,Choctaw County,40,OK,Oklahoma,-95.47294,34.02814
40025,Cimarron,Cimarron County,40,OK,Oklahoma,-102.51776,36.74826
40027,Cleveland,Cleveland County,40,OK,Oklahoma,-97.30569,35.22431
40029,Coal,Coal County,40,OK,Oklahoma,-96.29776,34.58822
40031,Comanche,Comanche County,40,OK,Oklahoma,-98.47168,34.66212
40033,Cotton,Cotton County,40,OK,Oklahoma,-98.37239,34.29339
40035,Craig,Craig County,40,OK,Oklahoma,-95.20846,36.76175
40037,Creek,Creek County,40,OK,Oklahoma,-96.38122,35.90063
40039,Custer,Custer County,40,OK,Oklahoma,-99.00154,35.63884
40041,Delaware,Delaware County,40,OK,Oklahoma,-94.8026,36.40824
40043,Dewey,Dewey County,40,OK,Oklahoma,-99.00789,35.98765
40045,Ellis,Ellis County,40,OK,Oklahoma,-99.78193,36.21616
40047,Garfield,Garfield County,40,OK,Oklahoma,-97.78273,36.37906
40049,Garvin,Garvin County,40,OK,Oklahoma,-97.33706,34.69893
40051,Grady,Grady County,40,OK,Oklahoma,-97.88412,35.01694
40053,Grant,Grant County,40,OK,Oklahoma,-97.78611,36.79614
40055,Greer,Greer County,40,OK,Oklahoma,-99.5608,34.93574
40057,Harmon,Harmon County,40,OK,Oklahoma,-99.85017,34.74348
40059,Harper,Harper County,40,OK,Oklahoma,-99.66734,36.78877
40061,Haskell,Haskell County,40,OK,Oklahoma,-95.09744,35.19876
40063,Hughes,Hughes County,40,OK,Oklahoma,-96.25194,35.04844
40065,Jackson,Jackson County,40,OK,Oklahoma,-99.44127,34.58423
40067,Jefferson,Jefferson County,40,OK,Oklahoma,-97.83583,34.11103
40069,Johnston,Johnston County,40,OK,Oklahoma,-96.65947,34.32194
40071,Kay,Kay County,40,OK,Oklahoma,-97.18828,36.81731
40073,Kingfisher,Kingfisher County,40,OK,Oklahoma,-97.94211,35.94539
40075,Kiowa,Kiowa County,40,OK,Oklahoma,-98.9809,34.91637
40077,Latimer,Latimer County,40,OK,Oklahoma,-95.25037,34.87604
40079,Le Flore,Le Flore County,40,OK,Oklahoma,-94.69943,34.90035
40081,Lincoln,Lincoln County,40,OK,Oklahoma,-96.8809,35.70296
40083,Logan,Logan County,40,OK,Oklahoma,-97.47761,35.89284
40085,Love,Love County,40,OK,Oklahoma,-97.36096,33.97539
40087,McClain,McClain County,40,OK,Oklahoma,-97.49087,34.9878
40089,McCurtain,McCurtain County,40,OK,Oklahoma,-94.77133,34.11543
40091,McIntosh,McIntosh County,40,OK,Oklahoma,-95.6683,35.38269
40093,Major,Major County,40,OK,Oklahoma,-98.44107,36.29975
40095,Marshall,Marshall County,40,OK,Oklahoma,-96.76911,34.02449
40097,Mayes,Mayes County,40,OK,Oklahoma,-95.23074,36.30193
40099,Murray,Murray County,40,OK,Oklahoma,-97.03174,34.4893
40101,Muskogee,Muskogee County,40,OK,Oklahoma,-95.37732,35.67948
40103,Noble,Noble County,40,OK,Oklahoma,-97.23362,36.39611
40105,Nowata,Nowata County,40,OK,Oklahoma,-95.61736,36.79847
40107,Okfuskee,Okfuskee County,40,OK,Oklahoma,-96.30684,35.4658
40109,Oklahoma,Oklahoma County,40,OK,Oklahoma,-97.40724,35.55151
40111,Okmulgee,Okmulgee County,40,OK,Oklahoma,-95.95752,35.64979
40113,Osage,Osage County,40,OK,Oklahoma,-96.37984,36.65592
40115,Ottawa,Ottawa County,40,OK,Oklahoma,-94.81044,36.83552
40117,Pawnee,Pawnee County,40,OK,Oklahoma,-96.70106,36.30781
40119,Payne,Payne County,40,OK,Oklahoma,-96.97613,36.07999
40121,Pittsburg,Pittsburg County,40,OK,Oklahoma,-95.7484,34.92387
40123,Pontotoc,Pontotoc County,40,OK,Oklahoma,-96.68012,34.70806
40125,Pottawatomie,Pottawatomie County,40,OK,Oklahoma,-96.94838,35.20662
40127,Pushmataha,Pushmataha County,40,OK,Oklahoma,-95.37412,34.4147
40129,Roger Mills,Roger Mills County,40,OK,Oklahoma,-99.71395,35.65358
40131,Rogers,Rogers County,40,OK,Oklahoma,-95.60433,36.37154
40133,Seminole,Seminole County,40,OK,Oklahoma,-96.62764,35.17239
40135,Sequoyah,Sequoyah County,40,OK,Oklahoma,-94.72256,35.49652
40137,Stephens,Stephens County,40,OK,Oklahoma,-97.85151,34.48558
40139,Texas,Texas County,40,OK,Oklahoma,-101.49011,36.7479
40141,Tillman,Tillman County,40,OK,Oklahoma,-98.93912,34.38294
40143,Tulsa,Tulsa County,40,OK,Oklahoma,-95.90781,36.08458
40145,Wagoner,Wagoner County,40,OK,Oklahoma,-95.52207,35.94869
40147,Washington,Washington County,40,OK,Oklahoma,-95.90436,36.71522
40149,Washita,Washita County,40,OK,Oklahoma,-98.99222,35.29037
40151,Woods,Woods County,40,OK,Oklahoma,-98.84431,36.78293
40153,Woodward,Woodward County,40,OK,Oklahoma,-99.26406,36.39162
41001,Baker,Baker County,41,OR,Oregon,-117.53207,44.7162
41003,Benton,Benton County,41,OR,Oregon,-123.42933,44.49176
41005,Clackamas,Clackamas County,41,OR,Oregon,-122.22086,45.18803
41007,Clatsop,Clatsop County,41,OR,Oregon,-123.65541,45.99465
41009,Columbia,Columbia County,41,OR,Oregon,-123.0875,45.9597
41011,Coos,Coos County,41,OR,Oregon,-124.05942,43.17421
41013,Crook,Crook County,41,OR,Oregon,-120.27672,44.1449
41015,Curry,Curry County,41,OR,Oregon,-124.19853,42.47636
41017,Deschutes,Deschutes County,41,OR,Oregon,-121.36281,43.94268
41019,Douglas,Douglas County,41,OR,Oregon,-123.18317,43.16971
41021,Gilliam,Gilliam County,41,OR,Oregon,-120.21537,45.34982
41023,Grant,Grant County,41,OR,Oregon,-119.00732,44.49155
41025,Harney,Harney County,41,OR,Oregon,-118.87477,43.12623
41027,Hood River,Hood River County,41,OR,Oregon,-121.64886,45.52158
41029,Jackson,Jackson County,41,OR,Oregon,-122.7278,42.42806
41031,Jefferson,Jefferson County,41,OR,Oregon,-121.17605,44.6294
41033,Josephine,Josephine County,41,OR,Oregon,-123.55064,42.36656
41035,Klamath,Klamath County,41,OR,Oregon,-121.78949,42.65738
41037,Lake,Lake County,41,OR,Oregon,-120.42734,42.90032
41039,Lane,Lane County,41,OR,Oregon,-122.73694,43.89432
41041,Lincoln,Lincoln County,41,OR,Oregon,-123.87448,44.62956
41043,Linn,Linn County,41,OR,Oregon,-122.53433,44.48864
41045,Malheur,Malheur County,41,OR,Oregon,-117.62315,43.1934
41047,Marion,Marion County,41,OR,Oregon,-122.82539,44.95106
41049,Morrow,Morrow County,41,OR,Oregon,-119.63585,45.41454
41051,Multnomah,Multnomah County,41,OR,Oregon,-122.57648,45.53136
41053,Polk,Polk County,41,OR,Oregon,-123.41321,44.90353
41055,Sherman,Sherman County,41,OR,Oregon,-120.68936,45.40524
41057,Tillamook,Tillamook County,41,OR,Oregon,-123.71267,45.4637
41059,Umatilla,Umatilla County,41,OR,Oregon,-118.74539,45.64836
41061,Union,Union County,41,OR,Oregon,-117.99097,45.27938
41063,Wallowa,Wallowa County,41,OR,Oregon,-117.18102,45.57987
41065,Wasco,Wasco County,41,OR,Oregon,-121.24822,45.1261
41067,Washington,Washington County,41,OR,Oregon,-123.09093,45.58275
41069,Wheeler,Wheeler County,41,OR,Oregon,-120.02754,44.72606
41071,Yamhill,Yamhill County,41,OR,Oregon,-123.30221,45.23692
42001,Adams,Adams County,42,PA,Pennsylvania,-77.21785,39.8715
42003,Allegheny,Allegheny County,42,PA,Pennsylvania,-79.98125,40.46879
42005,Armstrong,Armstrong County,42,PA,Pennsylvania,-79.46244,40.80878
42007,Beaver,Beaver County,42,PA,Pennsylvania,-80.3493,40.68227
42009,Bedford,Bedford County,42,PA,Pennsylvania,-78.49029,40.00654
42011,Berks,Berks County,42,PA,Pennsylvania,-75.91469,40.40274
42013,Blair,Blair County,42,PA,Pennsylvania,-78.34631,40.48124
42015,Bradford,Bradford County,42,PA,Pennsylvania,-76.51536,41.78869
42017,Bucks,Bucks County,42,PA,Pennsylvania,-75.18842,40.39317
42019,Butler,Butler County,42,PA,Pennsylvania,-79.9133,40.91202
42021,Cambria,Cambria County,42,PA,Pennsylvania,-78.71349,40.49524
42023,Cameron,Cameron County,42,PA,Pennsylvania,-78.14501,41.41304
42025,Carbon,Carbon County,42,PA,Pennsylvania,-75.70371,40.90249
42027,Centre,Centre County,42,PA,Pennsylvania,-77.81995,40.927
42029,Chester,Chester County,42,PA,Pennsylvania,-75.74846,39.97312
42031,Clarion,Clarion County,42,PA,Pennsylvania,-79.41961,41.18737
42033,Clearfield,Clearfield County,42,PA,Pennsylvania,-78.47419,41.00003
42035,Clinton,Clinton County,42,PA,Pennsylvania,-77.63292,41.25275
42037,Columbia,Columbia County,42,PA,Pennsylvania,-76.40519,41.04859
42039,Crawford,Crawford County,42,PA,Pennsylvania,-80.10474,41.68368
42041,Cumberland,Cumberland County,42,PA,Pennsylvania,-77.26351,40.15805
42043,Dauphin,Dauphin County,42,PA,Pennsylvania,-76.79028,40.41143
42045,Delaware,Delaware County,42,PA,Pennsylvania,-75.39776,39.91311
42047,Elk,Elk County,42,PA,Pennsylvania,-78.64913,41.42513
42049,Erie,Erie County,42,PA,Pennsylvania,-80.01277,42.00178
42051,Fayette,Fayette County,42,PA,Pennsylvania,-79.65161,39.91148
42053,Forest,Forest County,42,PA,Pennsylvania,-79.23577,41.52725
42055,Franklin,Franklin County,42,PA,Pennsylvania,-77.72126,39.9274
42057,Fulton,Fulton County,42,PA,Pennsylvania,-78.11269,39.92536
42059,Greene,Greene County,42,PA,Pennsylvania,-80.22292,39.85384
42061,Huntingdon,Huntingdon County,42,PA,Pennsylvania,-78.04756,40.33535
42063,Indiana,Indiana County,42,PA,Pennsylvania,-79.08392,40.64712
42065,Jefferson,Jefferson County,42,PA,Pennsylvania,-78.99943,41.12816
42067,Juniata,Juniata County,42,PA,Pennsylvania,-77.40891,40.54802
42069,Lackawanna,Lackawanna County,42,PA,Pennsylvania,-75.59848,41.45118
42071,Lancaster,Lancaster County,42,PA,Pennsylvania,-76.23786,40.05177
42073,Lawrence,Lawrence County,42,PA,Pennsylvania,-80.33473,40.9912
42075,Lebanon,Lebanon County,42,PA,Pennsylvania,-76.46042,40.36455
42077,Lehigh,Lehigh County,42,PA,Pennsylvania,-75.59232,40.6127
42079,Luzerne,Luzerne County,42,PA,Pennsylvania,-75.98917,41.177
42081,Lycoming,Lycoming County,42,PA,Pennsylvania,-77.06451,41.34338
42083,McKean,McKean County,42,PA,Pennsylvania,-78.56902,41.80764
42085,Mercer,Mercer County,42,PA,Pennsylvania,-80.25768,41.3022
42087,Mifflin,Mifflin County,42,PA,Pennsylvania,-77.61866,40.61658
42089,Monroe,Monroe County,42,PA,Pennsylvania,-75.33953,41.05806
42091,Montgomery,Montgomery County,42,PA,Pennsylvania,-75.36728,40.21082
42093,Montour,Montour County,42,PA,Pennsylvania,-76.67259,41.03039
42095,Northampton,Northampton County,42,PA,Pennsylvania,-75.30429,40.74565
42097,Northumberland,Northumberland County,42,PA,Pennsylvania,-76.68207,40.83651
42099,Perry,Perry County,42,PA,Pennsylvania,-77.25457,40.4027
42101,Philadelphia,Philadelphia County,42,PA,Pennsylvania,-75.14115,40.00854
42103,Pike,Pike County,42,PA,Pennsylvania,-75.025,41.34143
42105,Potter,Potter County,42,PA,Pennsylvania,-77.89583,41.7449
42107,Schuylkill,Schuylkill County,42,PA,Pennsylvania,-76.17349,40.7106
42109,Snyder,Snyder County,42,PA,Pennsylvania,-76.98887,40.7654
42111,Somerset,Somerset County,42,PA,Pennsylvania,-79.02384,39.96859
42113,Sullivan,Sullivan County,42,PA,Pennsylvania,-76.50995,41.43979
42115,Susquehanna,Susquehanna County,42,PA,Pennsylvania,-75.8007,41.82138
42117,Tioga,Tioga County,42,PA,Pennsylvania,-77.25426,41.77218
42119,Union,Union County,42,PA,Pennsylvania,-77.06256,40.96759
42121,Venango,Venango County,42,PA,Pennsylvania,-79.76123,41.4043
42123,Warren,Warren County,42,PA,Pennsylvania,-79.27406,41.8145
42125,Washington,Washington County,42,PA,Pennsylvania,-80.27809,40.19034
42127,Wayne,Wayne County,42,PA,Pennsylvania,-75.28657,41.65194
42129,Westmoreland,Westmoreland County,42,PA,Pennsylvania,-79.48345,40.31335
42131,Wyoming,Wyoming County,42,PA,Pennsylvania,-76.01639,41.51842
42133,York,York County,42,PA,Pennsylvania,-76.72931,39.90724
44001,Bristol,Bristol County,44,RI,Rhode Island,-71.27687,41.72438
44003,Kent,Kent County,44,RI,Rhode Island,-71.59312,41.67097
44005,Newport,Newport County,44,RI,Rhode Island,-71.16861,41.56007
44007,Providence,Providence County,44,RI,Rhode Island,-71.57999,41.87214
44009,Washington,Washington County,44,RI,Rhode Island,-71.62393,41.4788
45001,Abbeville,Abbeville County,45,SC,South Carolina,-82.45928,34.22264
45003,Aiken,Aiken County,45,SC,South Carolina,-81.63471,33.54426
45005,Allendale,Allendale County,45,SC,South Carolina,-81.35819,32.98809
45007,Anderson,Anderson County,45,SC,South Carolina,-82.63777,34.51931
45009,Bamberg,Bamberg County,45,SC,South Carolina,-81.05568,33.21232
45011,Barnwell,Barnwell County,45,SC,South Carolina,-81.41644,33.27527
45013,Beaufort,Beaufort County,45,SC,South Carolina,-80.69624,32.44728
45015,Berkeley,Berkeley County,45,SC,South Carolina,-79.95216,33.19733
45017,Calhoun,Calhoun County,45,SC,South Carolina,-80.73238,33.66395
45019,Charleston,Charleston County,45,SC,South Carolina,-80.1986,32.69531
45021,Cherokee,Cherokee County,45,SC,South Carolina,-81.62058,35.04808
45023,Chester,Chester County,45,SC,South Carolina,-81.15953,34.69204
45025,Chesterfield,Chesterfield County,45,SC,South Carolina,-80.15873,34.63979
45027,Clarendon,Clarendon County,45,SC,South Carolina,-80.21066,33.64941
45029,Colleton,Colleton County,45,SC,South Carolina,-80.66689,32.86362
45031,Darlington,Darlington County,45,SC,South Carolina,-79.9577,34.33251
45033,Dillon,Dillon County,45,SC,South Carolina,-79.38143,34.41445
45035,Dorchester,Dorchester County,45,SC,South Carolina,-80.49537,33.16964
45037,Edgefield,Edgefield County,45,SC,South Carolina,-81.96643,33.77223
45039,Fairfield,Fairfield County,45,SC,South Carolina,-81.12122,34.3951
45041,Florence,Florence County,45,SC,South Carolina,-79.70296,34.02448
45043,Georgetown,Georgetown County,45,SC,South Carolina,-79.3324,33.43425
45045,Greenville,Greenville County,45,SC,South Carolina,-82.36453,34.95732
45047,Greenwood,Greenwood County,45,SC,South Carolina,-82.11093,34.15279
45049,Hampton,Hampton County,45,SC,South Carolina,-81.14158,32.81062
45051,Horry,Horry County,45,SC,South Carolina,-78.99655,33.92141
45053,Jasper,Jasper County,45,SC,South Carolina,-81.0319,32.45611
45055,Kershaw,Kershaw County,45,SC,South Carolina,-80.59322,34.32559
45057,Lancaster,Lancaster County,45,SC,South Carolina,-80.70517,34.68282
45059,Laurens,Laurens County,45,SC,South Carolina,-82.01258,34.47648
45061,Lee,Lee County,45,SC,South Carolina,-80.27053,34.18297
45063,Lexington,Lexington County,45,SC,South Carolina,-81.27219,33.90229
45065,McCormick,McCormick County,45,SC,South Carolina,-82.27314,33.89083
45067,Marion,Marion County,45,SC,South Carolina,-79.38891,34.12353
45069,Marlboro,Marlboro County,45,SC,South Carolina,-79.65507,34.60248
45071,Newberry,Newberry County,45,SC,South Carolina,-81.59968,34.29182
45073,Oconee,Oconee County,45,SC,South Carolina,-83.06589,34.75353
45075,Orangeburg,Orangeburg County,45,SC,South Carolina,-80.81718,33.42909
45077,Pickens,Pickens County,45,SC,South Carolina,-82.72515,34.88753
45079,Richland,Richland County,45,SC,South Carolina,-80.9031,34.02185
45081,Saluda,Saluda County,45,SC,South Carolina,-81.72677,34.00608
45083,Spartanburg,Spartanburg County,45,SC,South Carolina,-81.99077,34.93093
45085,Sumter,Sumter County,45,SC,South Carolina,-80.38295,33.91991
45087,Union,Union County,45,SC,South Carolina,-81.62611,34.69228
45089,Williamsburg,Williamsburg County,45,SC,South Carolina,-79.72699,33.61903
45091,York,York County,45,SC,South Carolina,-81.18447,34.97479
46003,Aurora,Aurora County,46,SD,South Dakota,-98.56155,43.71802
46005,Beadle,Beadle County,46,SD,South Dakota,-98.27812,44.41448
46007,Bennett,Bennett County,46,SD,South Dakota,-101.66401,43.19498
46009,Bon Homme,Bon Homme County,46,SD,South Dakota,-97.88724,43.00668
46011,Brookings,Brookings County,46,SD,South Dakota,-96.79045,44.36967
46013,Brown,Brown County,46,SD,South Dakota,-98.35159,45.58979
46015,Brule,Brule County,46,SD,South Dakota,-99.08094,43.71807
46017,Buffalo,Buffalo County,46,SD,South Dakota,-99.20483,44.07629
46019,Butte,Butte County,46,SD,South Dakota,-103.50794,44.90579
46021,Campbell,Campbell County,46,SD,South Dakota,-100.05161,45.77117
46023,Charles Mix,Charles Mix County,46,SD,South Dakota,-98.38006,43.11443
46025,Clark,Clark County,46,SD,South Dakota,-97.7295,44.85825
46027,Clay,Clay County,46,SD,South Dakota,-96.97563,42.91461
46029,Codington,Codington County,46,SD,South Dakota,-97.18862,44.97786
46031,Corson,Corson County,46,SD,South Dakota,-101.19691,45.70861
46033,Custer,Custer County,46,SD,South Dakota,-103.45152,43.67763
46035,Davison,Davison County,46,SD,South Dakota,-98.14595,43.67472
46037,Day,Day County,46,SD,South Dakota,-97.60742,45.36715
46039,Deuel,Deuel County,46,SD,South Dakota,-96.66801,44.76005
46041,Dewey,Dewey County,46,SD,South Dakota,-100.87184,45.15664
46043,Douglas,Douglas County,46,SD,South Dakota,-98.32606,43.38369
46045,Edmunds,Edmunds County,46,SD,South Dakota,-99.21531,45.41879
46047,Fall River,Fall River County,46,SD,South Dakota,-103.52754,43.23937
46049,Faulk,Faulk County,46,SD,South Dakota,-99.14529,45.07101
46051,Grant,Grant County,46,SD,South Dakota,-96.72805,45.16885
46053,Gregory,Gregory County,46,SD,South Dakota,-99.22896,43.1983
46055,Haakon,Haakon County,46,SD,South Dakota,-101.53993,44.29443
46057,Hamlin,Hamlin County,46,SD,South Dakota,-97.18831,44.67376
46059,Hand,Hand County,46,SD,South Dakota,-99.00493,44.54778
46061,Hanson,Hanson County,46,SD,South Dakota,-97.78729,43.67481
46063,Harding,Harding County,46,SD,South Dakota,-103.49582,45.58034
46065,Hughes,Hughes County,46,SD,South Dakota,-99.91286,44.40706
46067,Hutchinson,Hutchinson County,46,SD,South Dakota,-97.75442,43.33487
46069,Hyde,Hyde County,46,SD,South Dakota,-99.48706,44.5473
46071,Jackson,Jackson County,46,SD,South Dakota,-101.62816,43.69424
46073,Jerauld,Jerauld County,46,SD,South Dakota,-98.62966,44.06633
46075,Jones,Jones County,46,SD,South Dakota,-100.6897,43.9606
46077,Kingsbury,Kingsbury County,46,SD,South Dakota,-97.49152,44.36959
46079,Lake,Lake County,46,SD,South Dakota,-97.12936,44.02205
46081,Lawrence,Lawrence County,46,SD,South Dakota,-103.79229,44.35862
46083,Lincoln,Lincoln County,46,SD,South Dakota,-96.74035,43.27523
46085,Lyman,Lyman County,46,SD,South Dakota,-99.97809,43.92756
46087,McCook,McCook County,46,SD,South Dakota,-97.36845,43.6743
46089,McPherson,McPherson County,46,SD,South Dakota,-99.22141,45.76641
46091,Marshall,Marshall County,46,SD,South Dakota,-97.59864,45.75856
46093,Meade,Meade County,46,SD,South Dakota,-102.63652,44.55606
46095,Mellette,Mellette County,46,SD,South Dakota,-100.92034,43.58289
46097,Miner,Miner County,46,SD,South Dakota,-97.6102,44.02195
46099,Minnehaha,Minnehaha County,46,SD,South Dakota,-96.79147,43.67415
46101,Moody,Moody County,46,SD,South Dakota,-96.67089,44.02197
46102,Oglala Lakota,Oglala Lakota County,46,SD,South Dakota,-102.55167,43.33554
46103,Pennington,Pennington County,46,SD,South Dakota,-102.47732,43.92045
46105,Perkins,Perkins County,46,SD,South Dakota,-102.47568,45.49045
46107,Potter,Potter County,46,SD,South Dakota,-99.95724,45.06452
46109,Roberts,Roberts County,46,SD,South Dakota,-97.03364,45.6527
46111,Sanborn,Sanborn County,46,SD,South Dakota,-98.09134,44.02342
46115,Spink,Spink County,46,SD,South Dakota,-98.3462,44.93802
46117,Stanley,Stanley County,46,SD,South Dakota,-100.82455,44.41732
46119,Sully,Sully County,46,SD,South Dakota,-100.13222,44.71559
46121,Todd,Todd County,46,SD,South Dakota,-100.71845,43.19338
46123,Tripp,Tripp County,46,SD,South Dakota,-99.88396,43.34593
46125,Turner,Turner County,46,SD,South Dakota,-97.14592,43.32328
46127,Union,Union County,46,SD,South Dakota,-96.68561,42.898
46129,Walworth,Walworth County,46,SD,South Dakota,-100.03153,45.42994
46135,Yankton,Yankton County,46,SD,South Dakota,-97.39477,43.00897
46137,Ziebach,Ziebach County,46,SD,South Dakota,-101.74197,44.97068
47001,Anderson,Anderson County,47,TN,Tennessee,-84.19059,36.10225
47003,Bedford,Bedford County,47,TN,Tennessee,-86.46309,35.50537
47005,Benton,Benton County,47,TN,Tennessee,-88.08591,36.07759
47007,Bledsoe,Bledsoe County,47,TN,Tennessee,-85.21828,35.60112
47009,Blount,Blount County,47,TN,Tennessee,-83.92551,35.68721
47011,Bradley,Bradley County,47,TN,Tennessee,-84.8596,35.1541
47013,Campbell,Campbell County,47,TN,Tennessee,-84.1494,36.40353
47015,Cannon,Cannon County,47,TN,Tennessee,-86.06218,35.80905
47017,Carroll,Carroll County,47,TN,Tennessee,-88.45028,35.97315
47019,Carter,Carter County,47,TN,Tennessee,-82.13405,36.28633
47021,Cheatham,Cheatham County,47,TN,Tennessee,-87.07007,36.24973
47023,Chester,Chester County,47,TN,Tennessee,-88.60767,35.45122
47025,Claiborne,Claiborne County,47,TN,Tennessee,-83.65889,36.48118
47027,Clay,Clay County,47,TN,Tennessee,-85.54368,36.54577
47029,Cocke,Cocke County,47,TN,Tennessee,-83.12118,35.92544
47031,Coffee,Coffee County,47,TN,Tennessee,-86.07475,35.49061
47033,Crockett,Crockett County,47,TN,Tennessee,-89.18513,35.82757
47035,Cumberland,Cumberland County,47,TN,Tennessee,-84.99836,35.95038
47037,Davidson,Davidson County,47,TN,Tennessee,-86.78462,36.17874
47039,Decatur,Decatur County,47,TN,Tennessee,-88.11074,35.55656
47041,DeKalb,DeKalb County,47,TN,Tennessee,-85.83277,35.97985
47043,Dickson,Dickson County,47,TN,Tennessee,-87.35672,36.14901
47045,Dyer,Dyer County,47,TN,Tennessee,-89.41381,36.07342
47047,Fayette,Fayette County,47,TN,Tennessee,-89.41437,35.1971
47049,Fentress,Fentress County,47,TN,Tennessee,-84.9472,36.40271
47051,Franklin,Franklin County,47,TN,Tennessee,-86.09219,35.15504
47053,Gibson,Gibson County,47,TN,Tennessee,-88.93262,35.99661
47055,Giles,Giles County,47,TN,Tennessee,-87.03479,35.20214
47057,Grainger,Grainger County,47,TN,Tennessee,-83.50961,36.27626
47059,Greene,Greene County,47,TN,Tennessee,-82.84582,36.17534
47061,Grundy,Grundy County,47,TN,Tennessee,-85.7226,35.39813
47063,Hamblen,Hamblen County,47,TN,Tennessee,-83.26369,36.20633
47065,Hamilton,Hamilton County,47,TN,Tennessee,-85.16477,35.18078
47067,Hancock,Hancock County,47,TN,Tennessee,-83.2625,36.50791
47069,Hardeman,Hardeman County,47,TN,Tennessee,-88.99308,35.20685
47071,Hardin,Hardin County,47,TN,Tennessee,-88.18449,35.1987
47073,Hawkins,Hawkins County,47,TN,Tennessee,-82.98582,36.43389
47075,Haywood,Haywood County,47,TN,Tennessee,-89.28381,35.58322
47077,Henderson,Henderson County,47,TN,Tennessee,-88.38802,35.65423
47079,Henry,Henry County,47,TN,Tennessee,-88.30128,36.33178
47081,Hickman,Hickman County,47,TN,Tennessee,-87.47333,35.80324
47083,Houston,Houston County,47,TN,Tennessee,-87.68189,36.29541
47085,Humphreys,Humphreys County,47,TN,Tennessee,-87.77563,36.04082
47087,Jackson,Jackson County,47,TN,Tennessee,-85.67315,36.35921
47089,Jefferson,Jefferson County,47,TN,Tennessee,-83.44629,36.05099
47091,Johnson,Johnson County,47,TN,Tennessee,-81.8485,36.45368
47093,Knox,Knox County,47,TN,Tennessee,-83.9248,36.00985
47095,Lake,Lake County,47,TN,Tennessee,-89.46986,36.32057
47097,Lauderdale,Lauderdale County,47,TN,Tennessee,-89.59072,35.76693
47099,Lawrence,Lawrence County,47,TN,Tennessee,-87.39559,35.21735
47101,Lewis,Lewis County,47,TN,Tennessee,-87.51406,35.52936
47103,Lincoln,Lincoln County,47,TN,Tennessee,-86.58897,35.14053
47105,Loudon,Loudon County,47,TN,Tennessee,-84.29556,35.75699
47107,McMinn,McMinn County,47,TN,Tennessee,-84.61747,35.42475
47109,McNairy,McNairy County,47,TN,Tennessee,-88.56361,35.1755
47111,Macon,Macon County,47,TN,Tennessee,-86.00727,36.532
47113,Madison,Madison County,47,TN,Tennessee,-88.83846,35.60815
47115,Marion,Marion County,47,TN,Tennessee,-85.61151,35.12522
47117,Marshall,Marshall County,47,TN,Tennessee,-86.77343,35.44833
47119,Maury,Maury County,47,TN,Tennessee,-87.07702,35.61694
47121,Meigs,Meigs County,47,TN,Tennessee,-84.72518,35.61525
47123,Monroe,Monroe County,47,TN,Tennessee,-84.25278,35.44274
47125,Montgomery,Montgomery County,47,TN,Tennessee,-87.38281,36.49689
47127,Moore,Moore County,47,TN,Tennessee,-86.35758,35.28502
47129,Morgan,Morgan County,47,TN,Tennessee,-84.65369,36.13023
47131,Obion,Obion County,47,TN,Tennessee,-89.14878,36.35821
47133,Overton,Overton County,47,TN,Tennessee,-85.28599,36.35141
47135,Perry,Perry County,47,TN,Tennessee,-87.86763,35.6399
47137,Pickett,Pickett County,47,TN,Tennessee,-85.12942,36.55687
47139,Polk,Polk County,47,TN,Tennessee,-84.52333,35.11989
47141,Putnam,Putnam County,47,TN,Tennessee,-85.49173,36.16077
47143,Rhea,Rhea County,47,TN,Tennessee,-84.90133,35.63618
47145,Roane,Roane County,47,TN,Tennessee,-84.52326,35.84571
47147,Robertson,Robertson County,47,TN,Tennessee,-86.87059,36.52546
47149,Rutherford,Rutherford County,47,TN,Tennessee,-86.41675,35.84271
47151,Scott,Scott County,47,TN,Tennessee,-84.50349,36.4285
47153,Sequatchie,Sequatchie County,47,TN,Tennessee,-85.39895,35.36838
47155,Sevier,Sevier County,47,TN,Tennessee,-83.52583,35.78339
47157,Shelby,Shelby County,47,TN,Tennessee,-89.89021,35.18662
47159,Smith,Smith County,47,TN,Tennessee,-85.95807,36.2495
47161,Stewart,Stewart County,47,TN,Tennessee,-87.83845,36.49642
47163,Sullivan,Sullivan County,47,TN,Tennessee,-82.30213,36.50758
47165,Sumner,Sumner County,47,TN,Tennessee,-86.4635,36.4789
47167,Tipton,Tipton County,47,TN,Tennessee,-89.73638,35.51464
47169,Trousdale,Trousdale County,47,TN,Tennessee,-86.15685,36.38809
47171,Unicoi,Unicoi County,47,TN,Tennessee,-82.48572,36.08909
47173,Union,Union County,47,TN,Tennessee,-83.83753,36.28787
47175,Van Buren,Van Buren County,47,TN,Tennessee,-85.45263,35.69597
47177,Warren,Warren County,47,TN,Tennessee,-85.77851,35.6787
47179,Washington,Washington County,47,TN,Tennessee,-82.49743,36.29328
47181,Wayne,Wayne County,47,TN,Tennessee,-87.78805,35.23991
47183,Weakley,Weakley County,47,TN,Tennessee,-88.71339,36.29403
47185,White,White County,47,TN,Tennessee,-85.4558,35.93672
47187,Williamson,Williamson County,47,TN,Tennessee,-86.89135,35.91012
47189,Wilson,Wilson County,47,TN,Tennessee,-86.29767,36.15487
48001,Anderson,Anderson County,48,TX,Texas,-95.64962,31.81748
48003,Andrews,Andrews County,48,TX,Texas,-102.63774,32.30503
48005,Angelina,Angelina County,48,TX,Texas,-94.61186,31.25478
48007,Aransas,Aransas County,48,TX,Texas,-96.85958,28.24917
48009,Archer,Archer County,48,TX,Texas,-98.68767,33.61527
48011,Armstrong,Armstrong County,48,TX,Texas,-101.35737,34.96494
48013,Atascosa,Atascosa County,48,TX,Texas,-98.52716,28.89351
48015,Austin,Austin County,48,TX,Texas,-96.24937,29.90592
48017,Bailey,Bailey County,48,TX,Texas,-102.82987,34.06857
48019,Bandera,Bandera County,48,TX,Texas,-99.24661,29.7515
48021,Bastrop,Bastrop County,48,TX,Texas,-97.31202,30.10361
48023,Baylor,Baylor County,48,TX,Texas,-99.21353,33.61651
48025,Bee,Bee County,48,TX,Texas,-97.73895,28.38491
48027,Bell,Bell County,48,TX,Texas,-97.47877,31.03733
48029,Bexar,Bexar County,48,TX,Texas,-98.52001,29.44894
48031,Blanco,Blanco County,48,TX,Texas,-98.39987,30.26639
48033,Borden,Borden County,48,TX,Texas,-101.43172,32.74364
48035,Bosque,Bosque County,48,TX,Texas,-97.64038,31.89972
48037,Bowie,Bowie County,48,TX,Texas,-94.51075,33.44523
48039,Brazoria,Brazoria County,48,TX,Texas,-95.43126,29.17803
48041,Brazos,Brazos County,48,TX,Texas,-96.30414,30.66112
48043,Brewster,Brewster County,48,TX,Texas,-103.25174,29.81194
48045,Briscoe,Briscoe County,48,TX,Texas,-101.20855,34.53027
48047,Brooks,Brooks County,48,TX,Texas,-98.21874,27.03158
48049,Brown,Brown County,48,TX,Texas,-98.99978,31.77425
48051,Burleson,Burleson County,48,TX,Texas,-96.62245,30.48951
48053,Burnet,Burnet County,48,TX,Texas,-98.18235,30.7884
48055,Caldwell,Caldwell County,48,TX,Texas,-97.61992,29.83683
48057,Calhoun,Calhoun County,48,TX,Texas,-96.59975,28.51124
48059,Callahan,Callahan County,48,TX,Texas,-99.37349,32.29764
48061,Cameron,Cameron County,48,TX,Texas,-97.51847,26.13505
48063,Camp,Camp County,48,TX,Texas,-94.97892,32.97934
48065,Carson,Carson County,48,TX,Texas,-101.3542,35.40349
48067,Cass,Cass County,48,TX,Texas,-94.34537,33.07606
48069,Castro,Castro County,48,TX,Texas,-102.26167,34.52989
48071,Chambers,Chambers County,48,TX,Texas,-94.54996,29.74477
48073,Cherokee,Cherokee County,48,TX,Texas,-95.18139,31.85767
48075,Childress,Childress County,48,TX,Texas,-100.20762,34.52914
48077,Clay,Clay County,48,TX,Texas,-98.20852,33.78551
48079,Cochran,Cochran County,48,TX,Texas,-102.82852,33.60419
48081,Coke,Coke County,48,TX,Texas,-100.52995,31.8886
48083,Coleman,Coleman County,48,TX,Texas,-99.45363,31.77321
48085,Collin,Collin County,48,TX,Texas,-96.57242,33.188
48087,Collingsworth,Collingsworth County,48,TX,Texas,-100.27001,34.96483
48089,Colorado,Colorado County,48,TX,Texas,-96.52629,29.62079
48091,Comal,Comal County,48,TX,Texas,-98.25768,29.82824
48093,Comanche,Comanche County,48,TX,Texas,-98.55923,31.94647
48095,Concho,Concho County,48,TX,Texas,-99.86404,31.32657
48097,Cooke,Cooke County,48,TX,Texas,-97.25131,33.59082
48099,Coryell,Coryell County,48,TX,Texas,-97.79928,31.39089
48101,Cottle,Cottle County,48,TX,Texas,-100.27878,34.07764
48103,Crane,Crane County,48,TX,Texas,-102.51385,31.4391
48105,Crockett,Crockett County,48,TX,Texas,-101.3606,30.7466
48107,Crosby,Crosby County,48,TX,Texas,-101.29998,33.61466
48109,Culberson,Culberson County,48,TX,Texas,-104.51726,31.44696
48111,Dallam,Dallam County,48,TX,Texas,-102.60222,36.27788
48113,Dallas,Dallas County,48,TX,Texas,-96.7778,32.76658
48115,Dawson,Dawson County,48,TX,Texas,-101.94765,32.74256
48117,Deaf Smith,Deaf Smith County,48,TX,Texas,-102.60499,34.96603
48119,Delta,Delta County,48,TX,Texas,-95.70917,33.3914
48121,Denton,Denton County,48,TX,Texas,-97.11682,33.20553
48123,DeWitt,DeWitt County,48,TX,Texas,-97.35586,29.08749
48125,Dickens,Dickens County,48,TX,Texas,-100.77891,33.61646
48127,Dimmit,Dimmit County,48,TX,Texas,-99.75663,28.42259
48129,Donley,Donley County,48,TX,Texas,-100.81398,34.96544
48131,Duval,Duval County,48,TX,Texas,-98.50887,27.68138
48133,Eastland,Eastland County,48,TX,Texas,-98.83231,32.32708
48135,Ector,Ector County,48,TX,Texas,-102.54288,31.8692
48137,Edwards,Edwards County,48,TX,Texas,-100.30489,29.98285
48139,Ellis,Ellis County,48,TX,Texas,-96.79468,32.34843
48141,El Paso,El Paso County,48,TX,Texas,-106.20345,31.79143
48143,Erath,Erath County,48,TX,Texas,-98.21794,32.23625
48145,Falls,Falls County,48,TX,Texas,-96.93588,31.25325
48147,Fannin,Fannin County,48,TX,Texas,-96.10547,33.59022
48149,Fayette,Fayette County,48,TX,Texas,-96.91978,29.87678
48151,Fisher,Fisher County,48,TX,Texas,-100.40218,32.74281
48153,Floyd,Floyd County,48,TX,Texas,-101.30323,34.07243
48155,Foard,Foard County,48,TX,Texas,-99.84052,33.97389
48157,Fort Bend,Fort Bend County,48,TX,Texas,-95.77094,29.52751
48159,Franklin,Franklin County,48,TX,Texas,-95.21843,33.17553
48161,Freestone,Freestone County,48,TX,Texas,-96.1536,31.70035
48163,Frio,Frio County,48,TX,Texas,-99.1082,28.86779
48165,Gaines,Gaines County,48,TX,Texas,-102.63518,32.74075
48167,Galveston,Galveston County,48,TX,Texas,-95.05076,29.40084
48169,Garza,Garza County,48,TX,Texas,-101.29845,33.17986
48171,Gillespie,Gillespie County,48,TX,Texas,-98.94653,30.31805
48173,Glasscock,Glasscock County,48,TX,Texas,-101.52077,31.86938
48175,Goliad,Goliad County,48,TX,Texas,-97.42645,28.65709
48177,Gonzales,Gonzales County,48,TX,Texas,-97.49254,29.45668
48179,Gray,Gray County,48,TX,Texas,-100.8126,35.4012
48181,Grayson,Grayson County,48,TX,Texas,-96.67773,33.62678
48183,Gregg,Gregg County,48,TX,Texas,-94.81695,32.48047
48185,Grimes,Grimes County,48,TX,Texas,-95.98196,30.54653
48187,Guadalupe,Guadalupe County,48,TX,Texas,-97.94555,29.58068
48189,Hale,Hale County,48,TX,Texas,-101.82689,34.0705
48191,Hall,Hall County,48,TX,Texas,-100.68111,34.53079
48193,Hamilton,Hamilton County,48,TX,Texas,-98.10487,31.69468
48195,Hansford,Hansford County,48,TX,Texas,-101.35457,36.27743
48197,Hardeman,Hardeman County,48,TX,Texas,-99.7626,34.26487
48199,Hardin,Hardin County,48,TX,Texas,-94.39022,30.33239
48201,Harris,Harris County,48,TX,Texas,-95.40482,29.8433
48203,Harrison,Harrison County,48,TX,Texas,-94.35059,32.53021
48205,Hartley,Hartley County,48,TX,Texas,-102.60292,35.84
48207,Haskell,Haskell County,48,TX,Texas,-99.7303,33.17823
48209,Hays,Hays County,48,TX,Texas,-98.03116,30.05788
48211,Hemphill,Hemphill County,48,TX,Texas,-100.27062,35.83757
48213,Henderson,Henderson County,48,TX,Texas,-95.85363,32.20593
48215,Hidalgo,Hidalgo County,48,TX,Texas,-98.21617,26.39006
48217,Hill,Hill County,48,TX,Texas,-97.14534,32.01833
48219,Hockley,Hockley County,48,TX,Texas,-102.34319,33.60763
48221,Hood,Hood County,48,TX,Texas,-97.8323,32.42994
48223,Hopkins,Hopkins County,48,TX,Texas,-95.56395,33.14956
48225,Houston,Houston County,48,TX,Texas,-95.42268,31.31773
48227,Howard,Howard County,48,TX,Texas,-101.43559,32.30616
48229,Hudspeth,Hudspeth County,48,TX,Texas,-105.38565,31.45793
48231,Hunt,Hunt County,48,TX,Texas,-96.08548,33.12358
48233,Hutchinson,Hutchinson County,48,TX,Texas,-101.35468,35.84004
48235,Irion,Irion County,48,TX,Texas,-100.98239,31.30391
48237,Jack,Jack County,48,TX,Texas,-98.17249,33.23346
48239,Jackson,Jackson County,48,TX,Texas,-96.57348,28.95808
48241,Jasper,Jasper County,48,TX,Texas,-94.01841,30.86856
48243,Jeff Davis,Jeff Davis County,48,TX,Texas,-104.13477,30.73163
48245,Jefferson,Jefferson County,48,TX,Texas,-94.16293,29.88405
48247,Jim Hogg,Jim Hogg County,48,TX,Texas,-98.69733,27.04342
48249,Jim Wells,Jim Wells County,48,TX,Texas,-98.09794,27.76688
48251,Johnson,Johnson County,48,TX,Texas,-97.36652,32.379
48253,Jones,Jones County,48,TX,Texas,-99.87875,32.7399
48255,Karnes,Karnes County,48,TX,Texas,-97.86717,28.89794
48257,Kaufman,Kaufman County,48,TX,Texas,-96.28778,32.59931
48259,Kendall,Kendall County,48,TX,Texas,-98.71152,29.94467
48261,Kenedy,Kenedy County,48,TX,Texas,-97.71542,26.92962
48263,Kent,Kent County,48,TX,Texas,-100.77762,33.18132
48265,Kerr,Kerr County,48,TX,Texas,-99.46399,30.08034
48267,Kimble,Kimble County,48,TX,Texas,-99.74868,30.48679
48269,King,King County,48,TX,Texas,-100.25584,33.61655
48271,Kinney,Kinney County,48,TX,Texas,-100.41798,29.35021
48273,Kleberg,Kleberg County,48,TX,Texas,-97.85375,27.41472
48275,Knox,Knox County,48,TX,Texas,-99.74145,33.60612
48277,Lamar,Lamar County,48,TX,Texas,-95.57121,33.66726
48279,Lamb,Lamb County,48,TX,Texas,-102.35172,34.06861
48281,Lampasas,Lampasas County,48,TX,Texas,-98.24161,31.19686
48283,La Salle,La Salle County,48,TX,Texas,-99.09953,28.34519
48285,Lavaca,Lavaca County,48,TX,Texas,-96.93018,29.38433
48287,Lee,Lee County,48,TX,Texas,-96.94229,30.30611
48289,Leon,Leon County,48,TX,Texas,-95.9957,31.29651
48291,Liberty,Liberty County,48,TX,Texas,-94.82597,30.14863
48293,Limestone,Limestone County,48,TX,Texas,-96.58051,31.54546
48295,Lipscomb,Lipscomb County,48,TX,Texas,-100.27314,36.27764
48297,Live Oak,Live Oak County,48,TX,Texas,-98.1325,28.34849
48299,Llano,Llano County,48,TX,Texas,-98.68413,30.70576
48301,Loving,Loving County,48,TX,Texas,-103.55314,31.8442
48303,Lubbock,Lubbock County,48,TX,Texas,-101.82052,33.61021
48305,Lynn,Lynn County,48,TX,Texas,-101.81612,33.17683
48307,McCulloch,McCulloch County,48,TX,Texas,-99.34755,31.19888
48309,McLennan,McLennan County,48,TX,Texas,-97.20178,31.55238
48311,McMullen,McMullen County,48,TX,Texas,-98.56778,28.35263
48313,Madison,Madison County,48,TX,Texas,-95.92842,30.96555
48315,Marion,Marion County,48,TX,Texas,-94.36731,32.79679
48317,Martin,Martin County,48,TX,Texas,-101.95127,32.30599
48319,Mason,Mason County,48,TX,Texas,-99.22614,30.71772
48321,Matagorda,Matagorda County,48,TX,Texas,-96.011,28.82115
48323,Maverick,Maverick County,48,TX,Texas,-100.30781,28.77882
48325,Medina,Medina County,48,TX,Texas,-99.1101,29.3557
48327,Menard,Menard County,48,TX,Texas,-99.8206,30.88981
48329,Midland,Midland County,48,TX,Texas,-102.0316,31.86913
48331,Milam,Milam County,48,TX,Texas,-96.97683,30.78631
48333,Mills,Mills County,48,TX,Texas,-98.57333,31.50761
48335,Mitchell,Mitchell County,48,TX,Texas,-100.92114,32.3062
48337,Montague,Montague County,48,TX,Texas,-97.72465,33.67569
48339,Montgomery,Montgomery County,48,TX,Texas,-95.49714,30.32408
48341,Moore,Moore County,48,TX,Texas,-101.89299,35.83771
48343,Morris,Morris County,48,TX,Texas,-94.73264,33.11348
48345,Motley,Motley County,48,TX,Texas,-100.7798,34.07407
48347,Nacogdoches,Nacogdoches County,48,TX,Texas,-94.61198,31.62885
48349,Navarro,Navarro County,48,TX,Texas,-96.47248,32.04695
48351,Newton,Newton County,48,TX,Texas,-93.73414,30.82295
48353,Nolan,Nolan County,48,TX,Texas,-100.40599,32.30352
48355,Nueces,Nueces County,48,TX,Texas,-97.66175,27.71356
48357,Ochiltree,Ochiltree County,48,TX,Texas,-100.81566,36.27836
48359,Oldham,Oldham County,48,TX,Texas,-102.60277,35.40505
48361,Orange,Orange County,48,TX,Texas,-93.89389,30.1213
48363,Palo Pinto,Palo Pinto County,48,TX,Texas,-98.31301,32.75316
48365,Panola,Panola County,48,TX,Texas,-94.30559,32.16235
48367,Parker,Parker County,48,TX,Texas,-97.80508,32.77764
48369,Parmer,Parmer County,48,TX,Texas,-102.78447,34.53008
48371,Pecos,Pecos County,48,TX,Texas,-102.72995,30.78657
48373,Polk,Polk County,48,TX,Texas,-94.83003,30.79269
48375,Potter,Potter County,48,TX,Texas,-101.89393,35.40129
48377,Presidio,Presidio County,48,TX,Texas,-104.24051,29.99976
48379,Rains,Rains County,48,TX,Texas,-95.79341,32.87035
48381,Randall,Randall County,48,TX,Texas,-101.89704,34.96588
48383,Reagan,Reagan County,48,TX,Texas,-101.5231,31.36612
48385,Real,Real County,48,TX,Texas,-99.82876,29.82682
48387,Red River,Red River County,48,TX,Texas,-95.05031,33.62073
48389,Reeves,Reeves County,48,TX,Texas,-103.7371,31.29897
48391,Refugio,Refugio County,48,TX,Texas,-97.24953,28.31765
48393,Roberts,Roberts County,48,TX,Texas,-100.81357,35.83842
48395,Robertson,Robertson County,48,TX,Texas,-96.51289,31.02701
48397,Rockwall,Rockwall County,48,TX,Texas,-96.40789,32.89784
48399,Runnels,Runnels County,48,TX,Texas,-99.97619,31.83112
48401,Rusk,Rusk County,48,TX,Texas,-94.77815,32.10973
48403,Sabine,Sabine County,48,TX,Texas,-93.85177,31.34321
48405,San Augustine,San Augustine County,48,TX,Texas,-94.17031,31.3943
48407,San Jacinto,San Jacinto County,48,TX,Texas,-95.18963,30.54317
48409,San Patricio,San Patricio County,48,TX,Texas,-97.51889,28.00928
48411,San Saba,San Saba County,48,TX,Texas,-98.81756,31.1552
48413,Schleicher,Schleicher County,48,TX,Texas,-100.53831,30.89741
48415,Scurry,Scurry County,48,TX,Texas,-100.91642,32.74629
48417,Shackelford,Shackelford County,48,TX,Texas,-99.35405,32.73592
48419,Shelby,Shelby County,48,TX,Texas,-94.14496,31.79242
48421,Sherman,Sherman County,48,TX,Texas,-101.89344,36.27772
48423,Smith,Smith County,48,TX,Texas,-95.26313,32.37135
48425,Somervell,Somervell County,48,TX,Texas,-97.77439,32.22223
48427,Starr,Starr County,48,TX,Texas,-98.73868,26.56209
48429,Stephens,Stephens County,48,TX,Texas,-98.83617,32.73587
48431,Sterling,Sterling County,48,TX,Texas,-101.05006,31.8278
48433,Stonewall,Stonewall County,48,TX,Texas,-100.25336,33.17919
48435,Sutton,Sutton County,48,TX,Texas,-100.53818,30.49837
48437,Swisher,Swisher County,48,TX,Texas,-101.73499,34.5304
48439,Tarrant,Tarrant County,48,TX,Texas,-97.29111,32.77192
48441,Taylor,Taylor County,48,TX,Texas,-99.89015,32.30145
48443,Terrell,Terrell County,48,TX,Texas,-102.06978,30.22502
48445,Terry,Terry County,48,TX,Texas,-102.33516,33.1738
48447,Throckmorton,Throckmorton County,48,TX,Texas,-99.21236,33.17746
48449,Titus,Titus County,48,TX,Texas,-94.96568,33.21658
48451,Tom Green,Tom Green County,48,TX,Texas,-100.44051,31.40424
48453,Travis,Travis County,48,TX,Texas,-97.76263,30.26544
48455,Trinity,Trinity County,48,TX,Texas,-95.1355,31.08882
48457,Tyler,Tyler County,48,TX,Texas,-94.3766,30.77123
48459,Upshur,Upshur County,48,TX,Texas,-94.94147,32.73627
48461,Upton,Upton County,48,TX,Texas,-102.04315,31.36879
48463,Uvalde,Uvalde County,48,TX,Texas,-99.76223,29.3573
48465,Val Verde,Val Verde County,48,TX,Texas,-101.11286,29.91755
48467,Van Zandt,Van Zandt County,48,TX,Texas,-95.8365,32.56371
48469,Victoria,Victoria County,48,TX,Texas,-96.97152,28.79635
48471,Walker,Walker County,48,TX,Texas,-95.56877,30.72662
48473,Waller,Waller County,48,TX,Texas,-95.99221,29.95595
48475,Ward,Ward County,48,TX,Texas,-103.10297,31.51248
48477,Washington,Washington County,48,TX,Texas,-96.40345,30.21452
48479,Webb,Webb County,48,TX,Texas,-99.21789,27.7099
48481,Wharton,Wharton County,48,TX,Texas,-96.21228,29.26814
48483,Wheeler,Wheeler County,48,TX,Texas,-100.26977,35.40124
48485,Wichita,Wichita County,48,TX,Texas,-98.70353,33.98796
48487,Wilbarger,Wilbarger County,48,TX,Texas,-99.25611,34.04818
48489,Willacy,Willacy County,48,TX,Texas,-97.6707,26.4677
48491,Williamson,Williamson County,48,TX,Texas,-97.63575,30.67984
48493,Wilson,Wilson County,48,TX,Texas,-98.08657,29.174
48495,Winkler,Winkler County,48,TX,Texas,-103.04746,31.83512
48497,Wise,Wise County,48,TX,Texas,-97.65448,33.21591
48499,Wood,Wood County,48,TX,Texas,-95.38207,32.78641
48501,Yoakum,Yoakum County,48,TX,Texas,-102.82778,33.17301
48503,Young,Young County,48,TX,Texas,-98.68776,33.17663
48505,Zapata,Zapata County,48,TX,Texas,-99.15656,27.00601
48507,Zavala,Zavala County,48,TX,Texas,-99.76054,28.86621
49001,Beaver,Beaver County,49,UT,Utah,-113.23548,38.35696
49003,Box Elder,Box Elder County,49,UT,Utah,-113.08212,41.52101
49005,Cache,Cache County,49,UT,Utah,-111.74363,41.72244
49007,Carbon,Carbon County,49,UT,Utah,-110.58874,39.64811
49009,Daggett,Daggett County,49,UT,Utah,-109.78681,40.89732
49011,Davis,Davis County,49,UT,Utah,-112.1375,41.01192
49013,Duchesne,Duchesne County,49,UT,Utah,-110.42517,40.29823
49015,Emery,Emery County,49,UT,Utah,-110.70062,38.99676
49017,Garfield,Garfield County,49,UT,Utah,-111.44312,37.85488
49019,Grand,Grand County,49,UT,Utah,-109.56986,38.98197
49021,Iron,Iron County,49,UT,Utah,-113.28914,37.85335
49023,Juab,Juab County,49,UT,Utah,-112.00688,39.58971
49025,Kane,Kane County,49,UT,Utah,-111.88782,37.28507
49027,Millard,Millard County,49,UT,Utah,-113.10076,39.07326
49029,Morgan,Morgan County,49,UT,Utah,-111.66835,41.07222
49031,Piute,Piute County,49,UT,Utah,-112.12738,38.33669
49033,Rich,Rich County,49,UT,Utah,-111.22824,41.62854
49035,Salt Lake,Salt Lake County,49,UT,Utah,-111.92607,40.65422
49037,San Juan,San Juan County,49,UT,Utah,-109.76601,37.56137
49039,Sanpete,Sanpete County,49,UT,Utah,-111.53315,39.34573
49041,Sevier,Sevier County,49,UT,Utah,-111.80442,38.74779
49043,Summit,Summit County,49,UT,Utah,-111.13158,40.80426
49045,Tooele,Tooele County,49,UT,Utah,-113.1311,40.44875
49047,Uintah,Uintah County,49,UT,Utah,-109.51862,40.12479
49049,Utah,Utah County,49,UT,Utah,-111.65978,40.13142
49051,Wasatch,Wasatch County,49,UT,Utah,-111.12873,40.36231
49053,Washington,Washington County,49,UT,Utah,-113.56955,37.2742
49055,Wayne,Wayne County,49,UT,Utah,-110.90389,38.32435
49057,Weber,Weber County,49,UT,Utah,-111.91574,41.27162
50001,Addison,Addison County,50,VT,Vermont,-73.14093,44.03593
50003,Bennington,Bennington County,50,VT,Vermont,-73.12664,43.0375
50005,Caledonia,Caledonia County,50,VT,Vermont,-72.08146,44.47103
50007,Chittenden,Chittenden County,50,VT,Vermont,-73.08086,44.46349
50009,Essex,Essex County,50,VT,Vermont,-71.74895,44.81659
50011,Franklin,Franklin County,50,VT,Vermont,-72.94363,44.84832
50013,Grand Isle,Grand Isle County,50,VT,Vermont,-73.28856,44.85259
50015,Lamoille,Lamoille County,50,VT,Vermont,-72.64401,44.6159
50017,Orange,Orange County,50,VT,Vermont,-72.36304,43.98487
50019,Orleans,Orleans County,50,VT,Vermont,-72.24969,44.83389
50021,Rutland,Rutland County,50,VT,Vermont,-73.03639,43.58015
50023,Washington,Washington County,50,VT,Vermont,-72.69735,44.25726
50025,Windham,Windham County,50,VT,Vermont,-72.71394,42.99057
50027,Windsor,Windsor County,50,VT,Vermont,-72.57906,43.57576
51001,Accomack,Accomack County,51,VA,Virginia,-75.6952,37.68833
51003,Albemarle,Albemarle County,51,VA,Virginia,-78.64892,38.02554
51005,Alleghany,Alleghany County,51,VA,Virginia,-80.10513,37.77678
51007,Amelia,Amelia County,51,VA,Virginia,-77.97834,37.34399
51009,Amherst,Amherst County,51,VA,Virginia,-79.14395,37.60832
51011,Appomattox,Appomattox County,51,VA,Virginia,-78.81258,37.37228
51013,Arlington,Arlington County,51,VA,Virginia,-77.10116,38.87839
51015,Augusta,Augusta County,51,VA,Virginia,-79.24317,38.22173
51017,Bath,Bath County,51,VA,Virginia,-79.74108,38.05871
51019,Bedford,Bedford County,51,VA,Virginia,-79.51469,37.29829
51021,Bland,Bland County,51,VA,Virginia,-81.12789,37.14843
51023,Botetourt,Botetourt County,51,VA,Virginia,-79.81282,37.5591
51025,Brunswick,Brunswick County,51,VA,Virginia,-77.85903,36.76478
51027,Buchanan,Buchanan County,51,VA,Virginia,-82.04027,37.26651
51029,Buckingham,Buckingham County,51,VA,Virginia,-78.52879,37.57218
51031,Campbell,Campbell County,51,VA,Virginia,-79.09185,37.2165
51033,Caroline,Caroline County,51,VA,Virginia,-77.34714,38.02672
51035,Carroll,Carroll County,51,VA,Virginia,-80.73391,36.73156
51036,Charles City,Charles City County,51,VA,Virginia,-77.11673,37.3763
51037,Charlotte,Charlotte County,51,VA,Virginia,-78.61978,37.02013
51041,Chesterfield,Chesterfield County,51,VA,Virginia,-77.58692,37.38158
51043,Clarke,Clarke County,51,VA,Virginia,-77.99669,39.1123
51045,Craig,Craig County,51,VA,Virginia,-80.19978,37.478
51047,Culpeper,Culpeper County,51,VA,Virginia,-77.96628,38.49382
51049,Cumberland,Cumberland County,51,VA,Virginia,-78.24021,37.50756
51051,Dickenson,Dickenson County,51,VA,Virginia,-82.35037,37.12581
51053,Dinwiddie,Dinwiddie County,51,VA,Virginia,-77.63232,37.07594
51057,Essex,Essex County,51,VA,Virginia,-76.95662,37.91735
51059,Fairfax,Fairfax County,51,VA,Virginia,-77.24066,38.76645
51061,Fauquier,Fauquier County,51,VA,Virginia,-77.849,38.81667
51063,Floyd,Floyd County,51,VA,Virginia,-80.40954,36.90459
51065,Fluvanna,Fluvanna County,51,VA,Virginia,-78.27731,37.84189
51067,Franklin,Franklin County,51,VA,Virginia,-79.8718,36.98489
51069,Frederick,Frederick County,51,VA,Virginia,-78.29044,39.2118
51071,Giles,Giles County,51,VA,Virginia,-80.72329,37.29577
51073,Gloucester,Gloucester County,51,VA,Virginia,-76.55105,37.42012
51075,Goochland,Goochland County,51,VA,Virginia,-77.99656,37.7531
51077,Grayson,Grayson County,51,VA,Virginia,-81.22454,36.66434
51079,Greene,Greene County,51,VA,Virginia,-78.46688,38.29759
51081,Greensville,Greensville County,51,VA,Virginia,-77.6181,36.63856
51083,Halifax,Halifax County,51,VA,Virginia,-78.93662,36.76689
51085,Hanover,Hanover County,51,VA,Virginia,-77.55866,37.8051
51087,Henrico,Henrico County,51,VA,Virginia,-77.31692,37.4831
51089,Henry,Henry County,51,VA,Virginia,-79.96732,36.62806
51091,Highland,Highland County,51,VA,Virginia,-79.56855,38.36232
51093,Isle of Wight,Isle of Wight County,51,VA,Virginia,-76.71155,36.91129
51095,James City,James City County,51,VA,Virginia,-76.80678,37.31651
51097,King and Queen,King and Queen County,51,VA,Virginia,-76.85445,37.71918
51099,King George,King George County,51,VA,Virginia,-77.14614,38.26576
51101,King William,King William County,51,VA,Virginia,-77.18376,37.77416
51103,Lancaster,Lancaster County,51,VA,Virginia,-76.4637,37.7573
51105,Lee,Lee County,51,VA,Virginia,-83.06242,36.68633
51107,Loudoun,Loudoun County,51,VA,Virginia,-77.65329,39.08601
51109,Louisa,Louisa County,51,VA,Virginia,-77.9571,37.98634
51111,Lunenburg,Lunenburg County,51,VA,Virginia,-78.24056,36.94622
51113,Madison,Madison County,51,VA,Virginia,-78.27924,38.41372
51115,Mathews,Mathews County,51,VA,Virginia,-76.34365,37.43539
51117,Mecklenburg,Mecklenburg County,51,VA,Virginia,-78.36226,36.68338
51119,Middlesex,Middlesex County,51,VA,Virginia,-76.64386,37.66052
51121,Montgomery,Montgomery County,51,VA,Virginia,-80.3872,37.17429
51125,Nelson,Nelson County,51,VA,Virginia,-78.88415,37.78995
51127,New Kent,New Kent County,51,VA,Virginia,-77.01902,37.49375
51131,Northampton,Northampton County,51,VA,Virginia,-75.88143,37.34564
51133,Northumberland,Northumberland County,51,VA,Virginia,-76.42223,37.89654
51135,Nottoway,Nottoway County,51,VA,Virginia,-78.05125,37.14303
51137,Orange,Orange County,51,VA,Virginia,-78.00241,38.22981
51139,Page,Page County,51,VA,Virginia,-78.48439,38.61944
51141,Patrick,Patrick County,51,VA,Virginia,-80.27255,36.68166
51143,Pittsylvania,Pittsylvania County,51,VA,Virginia,-79.39686,36.82633
51145,Powhatan,Powhatan County,51,VA,Virginia,-77.91374,37.55837
51147,Prince Edward,Prince Edward County,51,VA,Virginia,-78.44339,37.21783
51149,Prince George,Prince George County,51,VA,Virginia,-77.22423,37.18649
51153,Prince William,Prince William County,51,VA,Virginia,-77.4346,38.65869
51155,Pulaski,Pulaski County,51,VA,Virginia,-80.7144,37.06355
51157,Rappahannock,Rappahannock County,51,VA,Virginia,-78.1584,38.68264
51159,Richmond,Richmond County,51,VA,Virginia,-76.69475,37.91588
51161,Roanoke,Roanoke County,51,VA,Virginia,-80.12394,37.21502
51163,Rockbridge,Rockbridge County,51,VA,Virginia,-79.45473,37.90506
51165,Rockingham,Rockingham County,51,VA,Virginia,-78.912,38.62142
51167,Russell,Russell County,51,VA,Virginia,-82.14678,36.93249
51169,Scott,Scott County,51,VA,Virginia,-82.60252,36.72401
51171,Shenandoah,Shenandoah County,51,VA,Virginia,-78.56985,38.85435
51173,Smyth,Smyth County,51,VA,Virginia,-81.53697,36.84375
51175,Southampton,Southampton County,51,VA,Virginia,-77.10342,36.71768
51177,Spotsylvania,Spotsylvania County,51,VA,Virginia,-77.65608,38.18496
51179,Stafford,Stafford County,51,VA,Virginia,-77.4574,38.42878
51181,Surry,Surry County,51,VA,Virginia,-76.88921,37.10657
51183,Sussex,Sussex County,51,VA,Virginia,-77.26181,36.92178
51185,Tazewell,Tazewell County,51,VA,Virginia,-81.5783,37.09798
51187,Warren,Warren County,51,VA,Virginia,-78.21133,38.91171
51191,Washington,Washington County,51,VA,Virginia,-81.9627,36.73359
51193,Westmoreland,Westmoreland County,51,VA,Virginia,-76.70097,38.06924
51195,Wise,Wise County,51,VA,Virginia,-82.63422,37.04252
51197,Wythe,Wythe County,51,VA,Virginia,-81.10611,36.90675
51199,York,York County,51,VA,Virginia,-76.62204,37.27721
51510,Alexandria,Alexandria city,51,VA,Virginia,-77.0685,38.81952
51520,Bristol,Bristol city,51,VA,Virginia,-82.16069,36.61202
51530,Buena Vista,Buena Vista city,51,VA,Virginia,-79.35541,37.73265
51540,Charlottesville,Charlottesville city,51,VA,Virginia,-78.48253,38.03691
51550,Chesapeake,Chesapeake city,51,VA,Virginia,-76.30238,36.67779
51570,Colonial Heights,Colonial Heights city,51,VA,Virginia,-77.39469,37.25832
51580,Covington,Covington city,51,VA,Virginia,-79.98767,37.77318
51590,Danville,Danville city,51,VA,Virginia,-79.39875,36.57549
51595,Emporia,Emporia city,51,VA,Virginia,-77.53565,36.69527
51600,Fairfax,Fairfax city,51,VA,Virginia,-77.29616,38.8537
51610,Falls Church,Falls Church city,51,VA,Virginia,-77.17663,38.88655
51620,Franklin,Franklin city,51,VA,Virginia,-76.93841,36.68759
51630,Fredericksburg,Fredericksburg city,51,VA,Virginia,-77.48615,38.29864
51640,Galax,Galax city,51,VA,Virginia,-80.91758,36.66602
51650,Hampton,Hampton city,51,VA,Virginia,-76.36326,37.05505
51660,Harrisonburg,Harrisonburg city,51,VA,Virginia,-78.87354,38.43615
51670,Hopewell,Hopewell city,51,VA,Virginia,-77.29856,37.29115
51678,Lexington,Lexington city,51,VA,Virginia,-79.44406,37.78252
51680,Lynchburg,Lynchburg city,51,VA,Virginia,-79.19003,37.39998
51683,Manassas,Manassas city,51,VA,Virginia,-77.49222,38.74664
51685,Manassas Park,Manassas Park city,51,VA,Virginia,-77.43563,38.76865
51690,Martinsville,Martinsville city,51,VA,Virginia,-79.86304,36.68474
51700,Newport News,Newport News city,51,VA,Virginia,-76.49147,37.084
51710,Norfolk,Norfolk city,51,VA,Virginia,-76.25901,36.89452
51720,Norton,Norton city,51,VA,Virginia,-82.63134,36.93493
51730,Petersburg,Petersburg city,51,VA,Virginia,-77.39206,37.20558
51735,Poquoson,Poquoson city,51,VA,Virginia,-76.35581,37.13403
51740,Portsmouth,Portsmouth city,51,VA,Virginia,-76.34787,36.83714
51750,Radford,Radford city,51,VA,Virginia,-80.57269,37.11973
51760,Richmond,Richmond city,51,VA,Virginia,-77.47502,37.52493
51770,Roanoke,Roanoke city,51,VA,Virginia,-79.95804,37.27848
51775,Salem,Salem city,51,VA,Virginia,-80.05544,37.28643
51790,Staunton,Staunton city,51,VA,Virginia,-79.06114,38.1593
51800,Suffolk,Suffolk city,51,VA,Virginia,-76.63204,36.68753
51810,Virginia Beach,Virginia Beach city,51,VA,Virginia,-76.04942,36.7924
51820,Waynesboro,Waynesboro city,51,VA,Virginia,-78.90144,38.06865
51830,Williamsburg,Williamsburg city,51,VA,Virginia,-76.70615,37.26351
51840,Winchester,Winchester city,51,VA,Virginia,-78.17171,39.17432
53001,Adams,Adams County,53,WA,Washington,-118.56058,46.98338
53003,Asotin,Asotin County,53,WA,Washington,-117.20303,46.19182
53005,Benton,Benton County,53,WA,Washington,-119.53778,46.23522
53007,Chelan,Chelan County,53,WA,Washington,-120.61896,47.8692
53009,Clallam,Clallam County,53,WA,Washington,-124.32725,48.07129
53011,Clark,Clark County,53,WA,Washington,-122.48252,45.77921
53013,Columbia,Columbia County,53,WA,Washington,-117.83368,46.27369
53015,Cowlitz,Cowlitz County,53,WA,Washington,-122.68014,46.18525
53017,Douglas,Douglas County,53,WA,Washington,-119.69179,47.7361
53019,Ferry,Ferry County,53,WA,Washington,-118.52022,48.47137
53021,Franklin,Franklin County,53,WA,Washington,-118.91332,46.51063
53023,Garfield,Garfield County,53,WA,Washington,-117.54361,46.4807
53025,Grant,Grant County,53,WA,Washington,-119.31596,47.222
53027,Grays Harbor,Grays Harbor County,53,WA,Washington,-123.75194,47.19512
53029,Island,Island County,53,WA,Washington,-122.41584,47.99448
53031,Jefferson,Jefferson County,53,WA,Washington,-123.62472,47.71724
53033,King,King County,53,WA,Washington,-121.79353,47.49162
53035,Kitsap,Kitsap County,53,WA,Washington,-122.65516,47.59952
53037,Kittitas,Kittitas County,53,WA,Washington,-120.80032,47.14719
53039,Klickitat,Klickitat County,53,WA,Washington,-120.82448,45.86302
53041,Lewis,Lewis County,53,WA,Washington,-122.39266,46.57776
53043,Lincoln,Lincoln County,53,WA,Washington,-118.43812,47.54782
53045,Mason,Mason County,53,WA,Washington,-123.31238,47.30973
53047,Okanogan,Okanogan County,53,WA,Washington,-119.74083,48.54879
53049,Pacific,Pacific County,53,WA,Washington,-123.70268,46.56982
53051,Pend Oreille,Pend Oreille County,53,WA,Washington,-117.27399,48.5323
53053,Pierce,Pierce County,53,WA,Washington,-122.05544,46.97617
53055,San Juan,San Juan County,53,WA,Washington,-123.08826,48.54181
53057,Skagit,Skagit County,53,WA,Washington,-121.71884,48.47842
53059,Skamania,Skamania County,53,WA,Washington,-121.91474,46.02304
53061,Snohomish,Snohomish County,53,WA,Washington,-121.69728,48.04749
53063,Spokane,Spokane County,53,WA,Washington,-117.36859,47.58118
53065,Stevens,Stevens County,53,WA,Washington,-117.85519,48.39913
53067,Thurston,Thurston County,53,WA,Washington,-122.83299,46.9342
53069,Wahkiakum,Wahkiakum County,53,WA,Washington,-123.34528,46.28473
53071,Walla Walla,Walla Walla County,53,WA,Washington,-118.47844,46.22977
53073,Whatcom,Whatcom County,53,WA,Washington,-121.71192,48.82622
53075,Whitman,Whitman County,53,WA,Washington,-117.53915,46.958
53077,Yakima,Yakima County,53,WA,Washington,-120.7607,46.43658
54001,Barbour,Barbour County,54,WV,West Virginia,-80.00123,39.13544
54003,Berkeley,Berkeley County,54,WV,West Virginia,-78.02905,39.46538
54005,Boone,Boone County,54,WV,West Virginia,-81.69955,38.03516
54007,Braxton,Braxton County,54,WV,West Virginia,-80.71925,38.69987
54009,Brooke,Brooke County,54,WV,West Virginia,-80.56965,40.25228
54011,Cabell,Cabell County,54,WV,West Virginia,-82.22298,38.42827
54013,Calhoun,Calhoun County,54,WV,West Virginia,-81.12164,38.87216
54015,Clay,Clay County,54,WV,West Virginia,-81.07507,38.46252
54017,Doddridge,Doddridge County,54,WV,West Virginia,-80.72012,39.26673
54019,Fayette,Fayette County,54,WV,West Virginia,-81.08146,38.02959
54021,Gilmer,Gilmer County,54,WV,West Virginia,-80.85707,38.92405
54023,Grant,Grant County,54,WV,West Virginia,-79.18777,39.10855
54025,Greenbrier,Greenbrier County,54,WV,West Virginia,-80.46608,37.9309
54027,Hampshire,Hampshire County,54,WV,West Virginia,-78.61411,39.31707
54029,Hancock,Hancock County,54,WV,West Virginia,-80.57068,40.52476
54031,Hardy,Hardy County,54,WV,West Virginia,-78.86646,39.02031
54033,Harrison,Harrison County,54,WV,West Virginia,-80.37985,39.28353
54035,Jackson,Jackson County,54,WV,West Virginia,-81.67016,38.83069
54037,Jefferson,Jefferson County,54,WV,West Virginia,-77.8628,39.30758
54039,Kanawha,Kanawha County,54,WV,West Virginia,-81.51029,38.35386
54041,Lewis,Lewis County,54,WV,West Virginia,-80.50218,38.99587
54043,Lincoln,Lincoln County,54,WV,West Virginia,-82.07784,38.15996
54045,Logan,Logan County,54,WV,West Virginia,-81.93531,37.83151
54047,McDowell,McDowell County,54,WV,West Virginia,-81.65523,37.37391
54049,Marion,Marion County,54,WV,West Virginia,-80.23873,39.5159
54051,Marshall,Marshall County,54,WV,West Virginia,-80.65739,39.85652
54053,Mason,Mason County,54,WV,West Virginia,-82.02656,38.76971
54055,Mercer,Mercer County,54,WV,West Virginia,-81.11281,37.40738
54057,Mineral,Mineral County,54,WV,West Virginia,-78.98229,39.35516
54059,Mingo,Mingo County,54,WV,West Virginia,-82.21154,37.75195
54061,Monongalia,Monongalia County,54,WV,West Virginia,-79.98948,39.61512
54063,Monroe,Monroe County,54,WV,West Virginia,-80.55405,37.58502
54065,Morgan,Morgan County,54,WV,West Virginia,-78.25707,39.53641
54067,Nicholas,Nicholas County,54,WV,West Virginia,-80.79934,38.29169
54069,Ohio,Ohio County,54,WV,West Virginia,-80.61891,40.09694
54071,Pendleton,Pendleton County,54,WV,West Virginia,-79.35089,38.68075
54073,Pleasants,Pleasants County,54,WV,West Virginia,-81.15885,39.37007
54075,Pocahontas,Pocahontas County,54,WV,West Virginia,-80.05975,38.28678
54077,Preston,Preston County,54,WV,West Virginia,-79.66816,39.46933
54079,Putnam,Putnam County,54,WV,West Virginia,-81.91307,38.52104
54081,Raleigh,Raleigh County,54,WV,West Virginia,-81.2485,37.74723
54083,Randolph,Randolph County,54,WV,West Virginia,-79.91196,38.80882
54085,Ritchie,Ritchie County,54,WV,West Virginia,-81.06298,39.17826
54087,Roane,Roane County,54,WV,West Virginia,-81.35135,38.71225
54089,Summers,Summers County,54,WV,West Virginia,-80.86807,37.58406
54091,Taylor,Taylor County,54,WV,West Virginia,-80.0435,39.32505
54093,Tucker,Tucker County,54,WV,West Virginia,-79.56499,39.11359
54095,Tyler,Tyler County,54,WV,West Virginia,-80.88355,39.46706
54097,Upshur,Upshur County,54,WV,West Virginia,-80.22741,38.89217
54099,Wayne,Wayne County,54,WV,West Virginia,-82.42696,38.14594
54101,Webster,Webster County,54,WV,West Virginia,-80.42188,38.49471
54103,Wetzel,Wetzel County,54,WV,West Virginia,-80.63911,39.60528
54105,Wirt,Wirt County,54,WV,West Virginia,-81.37869,39.02245
54107,Wood,Wood County,54,WV,West Virginia,-81.47213,39.22787
54109,Wyoming,Wyoming County,54,WV,West Virginia,-81.54029,37.62342
55001,Adams,Adams County,55,WI,Wisconsin,-89.7704,43.96956
55003,Ashland,Ashland County,55,WI,Wisconsin,-90.72381,46.27295
55005,Barron,Barron County,55,WI,Wisconsin,-91.8483,45.42369
55007,Bayfield,Bayfield County,55,WI,Wisconsin,-91.22024,46.51603
55009,Brown,Brown County,55,WI,Wisconsin,-88.01752,44.40219
55011,Buffalo,Buffalo County,55,WI,Wisconsin,-91.74667,44.38084
55013,Burnett,Burnett County,55,WI,Wisconsin,-92.25438,45.8878
55015,Calumet,Calumet County,55,WI,Wisconsin,-88.21806,44.0816
55017,Chippewa,Chippewa County,55,WI,Wisconsin,-91.27985,45.06941
55019,Clark,Clark County,55,WI,Wisconsin,-90.61207,44.73473
55021,Columbia,Columbia County,55,WI,Wisconsin,-89.33374,43.46664
55023,Crawford,Crawford County,55,WI,Wisconsin,-90.90662,43.23586
55025,Dane,Dane County,55,WI,Wisconsin,-89.41814,43.06731
55027,Dodge,Dodge County,55,WI,Wisconsin,-88.70752,43.4163
55029,Door,Door County,55,WI,Wisconsin,-87.29751,44.92553
55031,Douglas,Douglas County,55,WI,Wisconsin,-91.91616,46.43287
55033,Dunn,Dunn County,55,WI,Wisconsin,-91.89641,44.94656
55035,Eau Claire,Eau Claire County,55,WI,Wisconsin,-91.28598,44.72678
55037,Florence,Florence County,55,WI,Wisconsin,-88.3981,45.84846
55039,Fond du Lac,Fond du Lac County,55,WI,Wisconsin,-88.35068,43.7625
55041,Forest,Forest County,55,WI,Wisconsin,-88.82635,45.63554
55043,Grant,Grant County,55,WI,Wisconsin,-90.7062,42.86747
55045,Green,Green County,55,WI,Wisconsin,-89.60221,42.67998
55047,Green Lake,Green Lake County,55,WI,Wisconsin,-89.03934,43.79984
55049,Iowa,Iowa County,55,WI,Wisconsin,-90.13538,43.00048
55051,Iron,Iron County,55,WI,Wisconsin,-90.28345,46.31188
55053,Jackson,Jackson County,55,WI,Wisconsin,-90.93862,44.3231
55055,Jefferson,Jefferson County,55,WI,Wisconsin,-88.77588,43.02083
55057,Juneau,Juneau County,55,WI,Wisconsin,-90.14215,43.9244
55059,Kenosha,Kenosha County,55,WI,Wisconsin,-88.04242,42.57692
55061,Kewaunee,Kewaunee County,55,WI,Wisconsin,-87.61527,44.51607
55063,La Crosse,La Crosse County,55,WI,Wisconsin,-91.11523,43.90659
55065,Lafayette,Lafayette County,55,WI,Wisconsin,-90.13169,42.66049
55067,Langlade,Langlade County,55,WI,Wisconsin,-89.0767,45.26639
55069,Lincoln,Lincoln County,55,WI,Wisconsin,-89.7346,45.33744
55071,Manitowoc,Manitowoc County,55,WI,Wisconsin,-87.82064,44.09807
55073,Marathon,Marathon County,55,WI,Wisconsin,-89.75908,44.89829
55075,Marinette,Marinette County,55,WI,Wisconsin,-88.09495,45.40497
55077,Marquette,Marquette County,55,WI,Wisconsin,-89.39873,43.81955
55078,Menominee,Menominee County,55,WI,Wisconsin,-88.63618,45.00185
55079,Milwaukee,Milwaukee County,55,WI,Wisconsin,-87.97865,42.98175
55081,Monroe,Monroe County,55,WI,Wisconsin,-90.61779,43.94575
55083,Oconto,Oconto County,55,WI,Wisconsin,-88.29104,45.00498
55085,Oneida,Oneida County,55,WI,Wisconsin,-89.3069,45.68393
55087,Outagamie,Outagamie County,55,WI,Wisconsin,-88.46495,44.41609
55089,Ozaukee,Ozaukee County,55,WI,Wisconsin,-87.95422,43.40923
55091,Pepin,Pepin County,55,WI,Wisconsin,-92.07527,44.62415
55093,Pierce,Pierce County,55,WI,Wisconsin,-92.42243,44.7194
55095,Polk,Polk County,55,WI,Wisconsin,-92.43315,45.45105
55097,Portage,Portage County,55,WI,Wisconsin,-89.5014,44.47603
55099,Price,Price County,55,WI,Wisconsin,-90.36141,45.68041
55101,Racine,Racine County,55,WI,Wisconsin,-88.062,42.74978
55103,Richland,Richland County,55,WI,Wisconsin,-90.42948,43.37563
55105,Rock,Rock County,55,WI,Wisconsin,-89.07158,42.67123
55107,Rusk,Rusk County,55,WI,Wisconsin,-91.13316,45.47514
55109,St. Croix,St. Croix County,55,WI,Wisconsin,-92.45258,45.03398
55111,Sauk,Sauk County,55,WI,Wisconsin,-89.94823,43.42667
55113,Sawyer,Sawyer County,55,WI,Wisconsin,-91.14454,45.87999
55115,Shawano,Shawano County,55,WI,Wisconsin,-89.01154,44.81293
55117,Sheboygan,Sheboygan County,55,WI,Wisconsin,-87.9454,43.72117
55119,Taylor,Taylor County,55,WI,Wisconsin,-90.50121,45.21159
55121,Trempealeau,Trempealeau County,55,WI,Wisconsin,-91.35846,44.30398
55123,Vernon,Vernon County,55,WI,Wisconsin,-90.83394,43.58956
55125,Vilas,Vilas County,55,WI,Wisconsin,-89.55455,46.06189
55127,Walworth,Walworth County,55,WI,Wisconsin,-88.54194,42.66849
55129,Washburn,Washburn County,55,WI,Wisconsin,-91.79122,45.89923
55131,Washington,Washington County,55,WI,Wisconsin,-88.23072,43.36847
55133,Waukesha,Waukesha County,55,WI,Wisconsin,-88.30452,43.01822
55135,Waupaca,Waupaca County,55,WI,Wisconsin,-88.96479,44.47049
55137,Waushara,Waushara County,55,WI,Wisconsin,-89.2429,44.11313
55139,Winnebago,Winnebago County,55,WI,Wisconsin,-88.64465,44.06889
55141,Wood,Wood County,55,WI,Wisconsin,-90.04158,44.45534
56001,Albany,Albany County,56,WY,Wyoming,-105.71173,41.65475
56003,Big Horn,Big Horn County,56,WY,Wyoming,-108.08986,44.53268
56005,Campbell,Campbell County,56,WY,Wyoming,-105.5482,44.24819
56007,Carbon,Carbon County,56,WY,Wyoming,-106.92098,41.68947
56009,Converse,Converse County,56,WY,Wyoming,-105.51844,42.98411
56011,Crook,Crook County,56,WY,Wyoming,-104.56993,44.5885
56013,Fremont,Fremont County,56,WY,Wyoming,-108.58562,42.94336
56015,Goshen,Goshen County,56,WY,Wyoming,-104.35332,42.0879
56017,Hot Springs,Hot Springs County,56,WY,Wyoming,-108.58406,43.7571
56019,Johnson,Johnson County,56,WY,Wyoming,-106.58468,44.03884
56021,Laramie,Laramie County,56,WY,Wyoming,-104.77077,41.29496
56023,Lincoln,Lincoln County,56,WY,Wyoming,-110.71992,42.00194
56025,Natrona,Natrona County,56,WY,Wyoming,-106.79849,42.9621
56027,Niobrara,Niobrara County,56,WY,Wyoming,-104.4754,43.05643
56029,Park,Park County,56,WY,Wyoming,-109.58737,44.50139
56031,Platte,Platte County,56,WY,Wyoming,-104.96589,42.13313
56033,Sheridan,Sheridan County,56,WY,Wyoming,-106.87927,44.78998
56035,Sublette,Sublette County,56,WY,Wyoming,-109.95845,42.75141
56037,Sweetwater,Sweetwater County,56,WY,Wyoming,-108.87956,41.65953
56039,Teton,Teton County,56,WY,Wyoming,-110.58981,43.93465
56041,Uinta,Uinta County,56,WY,Wyoming,-110.54763,41.28764
56043,Washakie,Washakie County,56,WY,Wyoming,-107.51996,43.90608
56045,Weston,Weston County,56,WY,Wyoming,-104.56766,43.84041